symbol,miesiace_top20,nominal,mmr,cum,max_lev_progu,odl_2x_long,roznica_pp_2x_long,odl_2x_short,roznica_pp_2x_short,odl_3x_long,roznica_pp_3x_long,odl_3x_short,roznica_pp_3x_short
BNBUSDT,65,1000,0.005,0,75,0.4974874372,0.7487437186,0.4925373134,0.2537313433,0.3299832496,0.6649916248,0.3266998342,0.3366500829
BNBUSDT,65,10000,0.006,10,50,0.4979879276,0.7987927565,0.4920477137,0.2047713718,0.3303152247,0.6981891348,0.3263750828,0.3041749503
BNBUSDT,65,100000,0.006,10,50,0.497082495,0.708249497,0.4911530815,0.1153081511,0.3294097921,0.6076458753,0.3254804506,0.2147117296
BTCUSDT,65,1000,0.004,0,150,0.4979919679,0.7991967871,0.4940239044,0.4023904382,0.3306559572,0.7322623829,0.3280212483,0.4687915007
BTCUSDT,65,10000,0.004,0,150,0.4979919679,0.7991967871,0.4940239044,0.4023904382,0.3306559572,0.7322623829,0.3280212483,0.4687915007
BTCUSDT,65,100000,0.004,0,150,0.4979919679,0.7991967871,0.4940239044,0.4023904382,0.3306559572,0.7322623829,0.3280212483,0.4687915007
ETHUSDT,65,1000,0.004,0,150,0.4979919679,0.7991967871,0.4940239044,0.4023904382,0.3306559572,0.7322623829,0.3280212483,0.4687915007
ETHUSDT,65,10000,0.004,0,150,0.4979919679,0.7991967871,0.4940239044,0.4023904382,0.3306559572,0.7322623829,0.3280212483,0.4687915007
ETHUSDT,65,100000,0.004,0,150,0.4979919679,0.7991967871,0.4940239044,0.4023904382,0.3306559572,0.7322623829,0.3280212483,0.4687915007
XRPUSDT,65,1000,0.005,0,100,0.4974874372,0.7487437186,0.4925373134,0.2537313433,0.3299832496,0.6649916248,0.3266998342,0.3366500829
XRPUSDT,65,10000,0.005,0,100,0.4974874372,0.7487437186,0.4925373134,0.2537313433,0.3299832496,0.6649916248,0.3266998342,0.3366500829
XRPUSDT,65,100000,0.01,360,50,0.4985858586,0.8585858586,0.4887128713,-0.1287128713,0.3302356902,0.6902356902,0.3236963696,0.03630363036
SOLUSDT,62,1000,0.005,0,100,0.4974874372,0.7487437186,0.4925373134,0.2537313433,0.3299832496,0.6649916248,0.3266998342,0.3366500829
SOLUSDT,62,10000,0.005,0,100,0.4974874372,0.7487437186,0.4925373134,0.2537313433,0.3299832496,0.6649916248,0.3266998342,0.3366500829
SOLUSDT,62,100000,0.0065,75,75,0.4974836437,0.7483643684,0.4910581222,0.1058122206,0.3297265559,0.6393222614,0.3254677927,0.2134459348
DOGEUSDT,61,1000,0.0065,0,75,0.4967287368,0.6728736789,0.4903129657,0.03129657228,0.3289716491,0.5638315719,0.3247226362,0.1389302865
DOGEUSDT,61,10000,0.0065,0,75,0.4967287368,0.6728736789,0.4903129657,0.03129657228,0.3289716491,0.5638315719,0.3247226362,0.1389302865
DOGEUSDT,61,100000,0.01,280,50,0.4977777778,0.7777777778,0.4879207921,-0.2079207921,0.3294276094,0.6094276094,0.3229042904,-0.04290429043
ADAUSDT,54,1000,0.005,0,75,0.4974874372,0.7487437186,0.4925373134,0.2537313433,0.3299832496,0.6649916248,0.3266998342,0.3366500829
ADAUSDT,54,10000,0.01,50,50,0.5,1,0.4900990099,0.009900990099,0.3316498316,0.8316498316,0.3250825083,0.1749174917
ADAUSDT,54,100000,0.015,300,40,0.4954314721,0.5431472081,0.4807881773,-0.921182266,0.3262267343,0.2893401015,0.3165845649,-0.6748768473
LINKUSDT,44,1000,0.005,0,75,0.4974874372,0.7487437186,0.4925373134,0.2537313433,0.3299832496,0.6649916248,0.3266998342,0.3366500829
LINKUSDT,44,10000,0.01,50,50,0.5,1,0.4900990099,0.009900990099,0.3316498316,0.8316498316,0.3250825083,0.1749174917
LINKUSDT,44,100000,0.01,50,50,0.4954545455,0.5454545455,0.4856435644,-0.4356435644,0.3271043771,0.3771043771,0.3206270627,-0.2706270627
AVAXUSDT,40,1000,0.005,0,75,0.4974874372,0.7487437186,0.4925373134,0.2537313433,0.3299832496,0.6649916248,0.3266998342,0.3366500829
AVAXUSDT,40,10000,0.005,0,75,0.4974874372,0.7487437186,0.4925373134,0.2537313433,0.3299832496,0.6649916248,0.3266998342,0.3366500829
AVAXUSDT,40,100000,0.015,525,40,0.497715736,0.7715736041,0.4830049261,-0.6995073892,0.3285109983,0.5177664975,0.3188013136,-0.4532019704
1000PEPEUSDT,33,1000,0.0065,0,75,0.4967287368,0.6728736789,0.4903129657,0.03129657228,0.3289716491,0.5638315719,0.3247226362,0.1389302865
1000PEPEUSDT,33,10000,0.0065,0,75,0.4967287368,0.6728736789,0.4903129657,0.03129657228,0.3289716491,0.5638315719,0.3247226362,0.1389302865
1000PEPEUSDT,33,100000,0.01,70,50,0.4956565657,0.5656565657,0.4858415842,-0.4158415842,0.3273063973,0.3973063973,0.3208250825,-0.2508250825
LTCUSDT,33,1000,0.005,0,75,0.4974874372,0.7487437186,0.4925373134,0.2537313433,0.3299832496,0.6649916248,0.3266998342,0.3366500829
LTCUSDT,33,10000,0.01,50,50,0.5,1,0.4900990099,0.009900990099,0.3316498316,0.8316498316,0.3250825083,0.1749174917
LTCUSDT,33,100000,0.015,300,40,0.4954314721,0.5431472081,0.4807881773,-0.921182266,0.3262267343,0.2893401015,0.3165845649,-0.6748768473
SUIUSDT,27,1000,0.01,0,75,0.4949494949,0.4949494949,0.4851485149,-0.4851485149,0.3265993266,0.3265993266,0.3201320132,-0.3201320132
SUIUSDT,27,10000,0.01,0,75,0.4949494949,0.4949494949,0.4851485149,-0.4851485149,0.3265993266,0.3265993266,0.3201320132,-0.3201320132
SUIUSDT,27,100000,0.015,100,50,0.4934010152,0.3401015228,0.478817734,-1.118226601,0.3241962775,0.08629441624,0.3146141215,-0.8719211823
1000SHIBUSDT,25,1000,0.0065,0,75,0.4967287368,0.6728736789,0.4903129657,0.03129657228,0.3289716491,0.5638315719,0.3247226362,0.1389302865
1000SHIBUSDT,25,10000,0.0065,0,75,0.4967287368,0.6728736789,0.4903129657,0.03129657228,0.3289716491,0.5638315719,0.3247226362,0.1389302865
1000SHIBUSDT,25,100000,0.01,87.5,50,0.4958333333,0.5833333333,0.4860148515,-0.3985148515,0.327483165,0.414983165,0.3209983498,-0.2334983498
BCHUSDT,19,1000,0.005,0,75,0.4974874372,0.7487437186,0.4925373134,0.2537313433,0.3299832496,0.6649916248,0.3266998342,0.3366500829
BCHUSDT,19,10000,0.01,50,50,0.5,1,0.4900990099,0.009900990099,0.3316498316,0.8316498316,0.3250825083,0.1749174917
BCHUSDT,19,100000,0.015,550,40,0.4979695431,0.7969543147,0.4832512315,-0.6748768473,0.3287648054,0.5431472081,0.319047619,-0.4285714286
DOTUSDT,19,1000,0.0065,0,75,0.4967287368,0.6728736789,0.4903129657,0.03129657228,0.3289716491,0.5638315719,0.3247226362,0.1389302865
DOTUSDT,19,10000,0.01,35,50,0.4984848485,0.8484848485,0.4886138614,-0.1386138614,0.3301346801,0.6801346801,0.3235973597,0.02640264026
DOTUSDT,19,100000,0.02,785,25,0.4978061224,0.7806122449,0.4782843137,-1.171568627,0.3277380952,0.4404761905,0.3148856209,-0.8447712418
FTMUSDT,18,1000,0.006,0,10,0.4969818913,0.6981891348,0.4910536779,0.1053677932,0.3293091885,0.5975855131,0.3253810471,0.2047713718
FTMUSDT,18,10000,0.01,20,9,0.496969697,0.696969697,0.4871287129,-0.2871287129,0.3286195286,0.5286195286,0.3221122112,-0.1221122112
FTMUSDT,18,100000,0.02,670,7,0.4966326531,0.6632653061,0.4771568627,-1.284313725,0.3265646259,0.3231292517,0.3137581699,-0.9575163399
FILUSDT,17,1000,0.006,0,75,0.4969818913,0.6981891348,0.4910536779,0.1053677932,0.3293091885,0.5975855131,0.3253810471,0.2047713718
FILUSDT,17,10000,0.006,0,75,0.4969818913,0.6981891348,0.4910536779,0.1053677932,0.3293091885,0.5975855131,0.3253810471,0.2047713718
FILUSDT,17,100000,0.01,200,50,0.496969697,0.696969697,0.4871287129,-0.2871287129,0.3286195286,0.5286195286,0.3221122112,-0.1221122112
ETCUSDT,16,1000,0.005,0,75,0.4974874372,0.7487437186,0.4925373134,0.2537313433,0.3299832496,0.6649916248,0.3266998342,0.3366500829
ETCUSDT,16,10000,0.01,50,50,0.5,1,0.4900990099,0.009900990099,0.3316498316,0.8316498316,0.3250825083,0.1749174917
ETCUSDT,16,100000,0.02,700,25,0.4969387755,0.693877551,0.4774509804,-1.254901961,0.3268707483,0.3537414966,0.3140522876,-0.9281045752
WIFUSDT,16,1000,0.01,0,75,0.4949494949,0.4949494949,0.4851485149,-0.4851485149,0.3265993266,0.3265993266,0.3201320132,-0.3201320132
WIFUSDT,16,10000,0.02,75,25,0.4974489796,0.7448979592,0.4779411765,-1.205882353,0.3273809524,0.4047619048,0.3145424837,-0.8790849673
WIFUSDT,16,100000,0.0333,1155,15,0.4947243199,0.4724319851,0.4628375109,-2.716248911,0.3223164718,-0.1016861488,0.3015419852,-2.179134811
WLDUSDT,16,1000,0.01,0,75,0.4949494949,0.4949494949,0.4851485149,-0.4851485149,0.3265993266,0.3265993266,0.3201320132,-0.3201320132
WLDUSDT,16,10000,0.01,0,75,0.4949494949,0.4949494949,0.4851485149,-0.4851485149,0.3265993266,0.3265993266,0.3201320132,-0.3201320132
WLDUSDT,16,100000,0.015,100,50,0.4934010152,0.3401015228,0.478817734,-1.118226601,0.3241962775,0.08629441624,0.3146141215,-0.8719211823
NEARUSDT,15,1000,0.01,0,75,0.4949494949,0.4949494949,0.4851485149,-0.4851485149,0.3265993266,0.3265993266,0.3201320132,-0.3201320132
NEARUSDT,15,10000,0.01,0,75,0.4949494949,0.4949494949,0.4851485149,-0.4851485149,0.3265993266,0.3265993266,0.3201320132,-0.3201320132
NEARUSDT,15,100000,0.015,100,50,0.4934010152,0.3401015228,0.478817734,-1.118226601,0.3241962775,0.08629441624,0.3146141215,-0.8719211823
OPUSDT,13,1000,0.006,0,75,0.4969818913,0.6981891348,0.4910536779,0.1053677932,0.3293091885,0.5975855131,0.3253810471,0.2047713718
OPUSDT,13,10000,0.01,40,50,0.498989899,0.898989899,0.4891089109,-0.08910891089,0.3306397306,0.7306397306,0.3240924092,0.07590759076
OPUSDT,13,100000,0.02,690,25,0.4968367347,0.6836734694,0.4773529412,-1.264705882,0.3267687075,0.343537415,0.3139542484,-0.9379084967
ENAUSDT,12,1000,0.01,0,75,0.4949494949,0.4949494949,0.4851485149,-0.4851485149,0.3265993266,0.3265993266,0.3201320132,-0.3201320132
ENAUSDT,12,10000,0.01,0,75,0.4949494949,0.4949494949,0.4851485149,-0.4851485149,0.3265993266,0.3265993266,0.3201320132,-0.3201320132
ENAUSDT,12,100000,0.015,100,50,0.4934010152,0.3401015228,0.478817734,-1.118226601,0.3241962775,0.08629441624,0.3146141215,-0.8719211823
HYPEUSDT,11,1000,0.01,0,75,0.4949494949,0.4949494949,0.4851485149,-0.4851485149,0.3265993266,0.3265993266,0.3201320132,-0.3201320132
HYPEUSDT,11,10000,0.01,0,75,0.4949494949,0.4949494949,0.4851485149,-0.4851485149,0.3265993266,0.3265993266,0.3201320132,-0.3201320132
HYPEUSDT,11,100000,0.015,100,50,0.4934010152,0.3401015228,0.478817734,-1.118226601,0.3241962775,0.08629441624,0.3146141215,-0.8719211823
ORDIUSDT,11,1000,0.01,0,75,0.4949494949,0.4949494949,0.4851485149,-0.4851485149,0.3265993266,0.3265993266,0.3201320132,-0.3201320132
ORDIUSDT,11,10000,0.02,75,25,0.4974489796,0.7448979592,0.4779411765,-1.205882353,0.3273809524,0.4047619048,0.3145424837,-0.8790849673
ORDIUSDT,11,100000,0.05,1450,10,0.4889473684,-0.1052631579,0.4423809524,-4.761904762,0.3135087719,-0.9824561404,0.2836507937,-3.968253968
SANDUSDT,11,1000,0.01,0,75,0.4949494949,0.4949494949,0.4851485149,-0.4851485149,0.3265993266,0.3265993266,0.3201320132,-0.3201320132
SANDUSDT,11,10000,0.02,75,25,0.4974489796,0.7448979592,0.4779411765,-1.205882353,0.3273809524,0.4047619048,0.3145424837,-0.8790849673
SANDUSDT,11,100000,0.0333,1155,15,0.4947243199,0.4724319851,0.4628375109,-2.716248911,0.3223164718,-0.1016861488,0.3015419852,-2.179134811
ARBUSDT,10,1000,0.006,0,75,0.4969818913,0.6981891348,0.4910536779,0.1053677932,0.3293091885,0.5975855131,0.3253810471,0.2047713718
ARBUSDT,10,10000,0.01,20,50,0.496969697,0.696969697,0.4871287129,-0.2871287129,0.3286195286,0.5286195286,0.3221122112,-0.1221122112
ARBUSDT,10,100000,0.02,770,20,0.4976530612,0.7653061224,0.4781372549,-1.18627451,0.327585034,0.425170068,0.3147385621,-0.8594771242
AXSUSDT,10,1000,0.01,0,75,0.4949494949,0.4949494949,0.4851485149,-0.4851485149,0.3265993266,0.3265993266,0.3201320132,-0.3201320132
AXSUSDT,10,10000,0.02,75,25,0.4974489796,0.7448979592,0.4779411765,-1.205882353,0.3273809524,0.4047619048,0.3145424837,-0.8790849673
AXSUSDT,10,100000,0.05,1450,10,0.4889473684,-0.1052631579,0.4423809524,-4.761904762,0.3135087719,-0.9824561404,0.2836507937,-3.968253968
APEUSDT,9,1000,0.015,0,50,0.4923857868,0.2385786802,0.4778325123,-1.216748768,0.3231810491,-0.0152284264,0.3136288998,-0.9704433498
APEUSDT,9,10000,0.025,75,20,0.4948717949,0.4871794872,0.4707317073,-1.926829268,0.3239316239,0.05982905983,0.3081300813,-1.520325203
APEUSDT,9,100000,0.1,3825,5,0.4869444444,-0.3055555556,0.3984090909,-9.159090909,0.3017592593,-2.157407407,0.2468939394,-7.643939394
GALAUSDT,9,1000,0.01,0,75,0.4949494949,0.4949494949,0.4851485149,-0.4851485149,0.3265993266,0.3265993266,0.3201320132,-0.3201320132
GALAUSDT,9,10000,0.02,75,25,0.4974489796,0.7448979592,0.4779411765,-1.205882353,0.3273809524,0.4047619048,0.3145424837,-0.8790849673
GALAUSDT,9,100000,0.05,1450,10,0.4889473684,-0.1052631579,0.4423809524,-4.761904762,0.3135087719,-0.9824561404,0.2836507937,-3.968253968
GMTUSDT,9,1000,0.015,0,50,0.4923857868,0.2385786802,0.4778325123,-1.216748768,0.3231810491,-0.0152284264,0.3136288998,-0.9704433498
GMTUSDT,9,10000,0.05,300,10,0.5052631579,1.526315789,0.4571428571,-3.285714286,0.3298245614,0.649122807,0.2984126984,-2.492063492
GMTUSDT,9,100000,0.125,2550,4,0.4577142857,-3.228571429,0.356,-13.4,0.2672380952,-5.60952381,0.2078518519,-11.54814815
UNIUSDT,9,1000,0.006,0,75,0.4969818913,0.6981891348,0.4910536779,0.1053677932,0.3293091885,0.5975855131,0.3253810471,0.2047713718
UNIUSDT,9,10000,0.01,40,50,0.498989899,0.898989899,0.4891089109,-0.08910891089,0.3306397306,0.7306397306,0.3240924092,0.07590759076
UNIUSDT,9,100000,0.02,790,25,0.4978571429,0.7857142857,0.4783333333,-1.166666667,0.3277891156,0.4455782313,0.3149346405,-0.839869281
XLMUSDT,9,1000,0.01,0,75,0.4949494949,0.4949494949,0.4851485149,-0.4851485149,0.3265993266,0.3265993266,0.3201320132,-0.3201320132
XLMUSDT,9,10000,0.015,50,50,0.4974619289,0.7461928934,0.4827586207,-0.724137931,0.3282571912,0.4923857868,0.3185550082,-0.4778325123
XLMUSDT,9,100000,0.02,550,25,0.4954081633,0.5408163265,0.4759803922,-1.401960784,0.3253401361,0.2006802721,0.3125816993,-1.075163399
APTUSDT,8,1000,0.01,0,75,0.4949494949,0.4949494949,0.4851485149,-0.4851485149,0.3265993266,0.3265993266,0.3201320132,-0.3201320132
APTUSDT,8,10000,0.015,50,50,0.4974619289,0.7461928934,0.4827586207,-0.724137931,0.3282571912,0.4923857868,0.3185550082,-0.4778325123
APTUSDT,8,100000,0.02,550,25,0.4954081633,0.5408163265,0.4759803922,-1.401960784,0.3253401361,0.2006802721,0.3125816993,-1.075163399
ATOMUSDT,8,1000,0.006,0,75,0.4969818913,0.6981891348,0.4910536779,0.1053677932,0.3293091885,0.5975855131,0.3253810471,0.2047713718
ATOMUSDT,8,10000,0.01,40,50,0.498989899,0.898989899,0.4891089109,-0.08910891089,0.3306397306,0.7306397306,0.3240924092,0.07590759076
ATOMUSDT,8,100000,0.02,690,25,0.4968367347,0.6836734694,0.4773529412,-1.264705882,0.3267687075,0.343537415,0.3139542484,-0.9379084967
CHZUSDT,8,1000,0.01,0,75,0.4949494949,0.4949494949,0.4851485149,-0.4851485149,0.3265993266,0.3265993266,0.3201320132,-0.3201320132
CHZUSDT,8,10000,0.02,75,25,0.4974489796,0.7448979592,0.4779411765,-1.205882353,0.3273809524,0.4047619048,0.3145424837,-0.8790849673
CHZUSDT,8,100000,0.05,1450,10,0.4889473684,-0.1052631579,0.4423809524,-4.761904762,0.3135087719,-0.9824561404,0.2836507937,-3.968253968
DYDXUSDT,8,1000,0.01,0,75,0.4949494949,0.4949494949,0.4851485149,-0.4851485149,0.3265993266,0.3265993266,0.3201320132,-0.3201320132
DYDXUSDT,8,10000,0.02,75,25,0.4974489796,0.7448979592,0.4779411765,-1.205882353,0.3273809524,0.4047619048,0.3145424837,-0.8790849673
DYDXUSDT,8,100000,0.05,1450,10,0.4889473684,-0.1052631579,0.4423809524,-4.761904762,0.3135087719,-0.9824561404,0.2836507937,-3.968253968
FARTCOINUSDT,8,1000,0.01,0,75,0.4949494949,0.4949494949,0.4851485149,-0.4851485149,0.3265993266,0.3265993266,0.3201320132,-0.3201320132
FARTCOINUSDT,8,10000,0.02,75,25,0.4974489796,0.7448979592,0.4779411765,-1.205882353,0.3273809524,0.4047619048,0.3145424837,-0.8790849673
FARTCOINUSDT,8,100000,0.05,1450,10,0.4889473684,-0.1052631579,0.4423809524,-4.761904762,0.3135087719,-0.9824561404,0.2836507937,-3.968253968
ZECUSDT,8,1000,0.01,0,75,0.4949494949,0.4949494949,0.4851485149,-0.4851485149,0.3265993266,0.3265993266,0.3201320132,-0.3201320132
ZECUSDT,8,10000,0.01,0,75,0.4949494949,0.4949494949,0.4851485149,-0.4851485149,0.3265993266,0.3265993266,0.3201320132,-0.3201320132
ZECUSDT,8,100000,0.015,100,50,0.4934010152,0.3401015228,0.478817734,-1.118226601,0.3241962775,0.08629441624,0.3146141215,-0.8719211823
AAVEUSDT,7,1000,0.01,0,75,0.4949494949,0.4949494949,0.4851485149,-0.4851485149,0.3265993266,0.3265993266,0.3201320132,-0.3201320132
AAVEUSDT,7,10000,0.01,0,75,0.4949494949,0.4949494949,0.4851485149,-0.4851485149,0.3265993266,0.3265993266,0.3201320132,-0.3201320132
AAVEUSDT,7,100000,0.015,250,50,0.4949238579,0.4923857868,0.4802955665,-0.9704433498,0.3257191201,0.2385786802,0.316091954,-0.724137931
TIAUSDT,7,1000,0.01,0,75,0.4949494949,0.4949494949,0.4851485149,-0.4851485149,0.3265993266,0.3265993266,0.3201320132,-0.3201320132
TIAUSDT,7,10000,0.015,50,50,0.4974619289,0.7461928934,0.4827586207,-0.724137931,0.3282571912,0.4923857868,0.3185550082,-0.4778325123
TIAUSDT,7,100000,0.02,550,25,0.4954081633,0.5408163265,0.4759803922,-1.401960784,0.3253401361,0.2006802721,0.3125816993,-1.075163399
TRBUSDT,7,1000,0.015,0,50,0.4923857868,0.2385786802,0.4778325123,-1.216748768,0.3231810491,-0.0152284264,0.3136288998,-0.9704433498
TRBUSDT,7,10000,0.025,75,20,0.4948717949,0.4871794872,0.4707317073,-1.926829268,0.3239316239,0.05982905983,0.3081300813,-1.520325203
TRBUSDT,7,100000,0.1,3825,5,0.4869444444,-0.3055555556,0.3984090909,-9.159090909,0.3017592593,-2.157407407,0.2468939394,-7.643939394
TRUMPUSDT,7,1000,0.01,0,75,0.4949494949,0.4949494949,0.4851485149,-0.4851485149,0.3265993266,0.3265993266,0.3201320132,-0.3201320132
TRUMPUSDT,7,10000,0.015,25,50,0.4949238579,0.4923857868,0.4802955665,-0.9704433498,0.3257191201,0.2385786802,0.316091954,-0.724137931
TRUMPUSDT,7,100000,0.025,625,20,0.4935897436,0.358974359,0.4695121951,-2.048780488,0.3226495726,-0.06837606838,0.3069105691,-1.642276423
TRXUSDT,7,1000,0.0065,0,75,0.4967287368,0.6728736789,0.4903129657,0.03129657228,0.3289716491,0.5638315719,0.3247226362,0.1389302865
TRXUSDT,7,10000,0.01,35,50,0.4984848485,0.8484848485,0.4886138614,-0.1386138614,0.3301346801,0.6801346801,0.3235973597,0.02640264026
TRXUSDT,7,100000,0.015,485,40,0.4973096447,0.730964467,0.4826108374,-0.7389162562,0.3281049069,0.4771573604,0.318407225,-0.4926108374
WAVESUSDT,7,1000,0.015,0,21,0.4923857868,0.2385786802,0.4778325123,-1.216748768,0.3231810491,-0.0152284264,0.3136288998,-0.9704433498
WAVESUSDT,7,10000,0.025,50,20,0.4923076923,0.2307692308,0.4682926829,-2.170731707,0.3213675214,-0.1965811966,0.3056910569,-1.764227642
WAVESUSDT,7,100000,0.05,1300,10,0.4873684211,-0.2631578947,0.440952381,-4.904761905,0.3119298246,-1.140350877,0.2822222222,-4.111111111
MANAUSDT,6,1000,0.01,0,75,0.4949494949,0.4949494949,0.4851485149,-0.4851485149,0.3265993266,0.3265993266,0.3201320132,-0.3201320132
MANAUSDT,6,10000,0.02,75,25,0.4974489796,0.7448979592,0.4779411765,-1.205882353,0.3273809524,0.4047619048,0.3145424837,-0.8790849673
MANAUSDT,6,100000,0.05,1450,10,0.4889473684,-0.1052631579,0.4423809524,-4.761904762,0.3135087719,-0.9824561404,0.2836507937,-3.968253968
MASKUSDT,6,1000,0.015,0,50,0.4923857868,0.2385786802,0.4778325123,-1.216748768,0.3231810491,-0.0152284264,0.3136288998,-0.9704433498
MASKUSDT,6,10000,0.05,300,10,0.5052631579,1.526315789,0.4571428571,-3.285714286,0.3298245614,0.649122807,0.2984126984,-2.492063492
MASKUSDT,6,100000,0.125,2550,4,0.4577142857,-3.228571429,0.356,-13.4,0.2672380952,-5.60952381,0.2078518519,-11.54814815
SUSHIUSDT,6,1000,0.01,0,75,0.4949494949,0.4949494949,0.4851485149,-0.4851485149,0.3265993266,0.3265993266,0.3201320132,-0.3201320132
SUSHIUSDT,6,10000,0.02,75,25,0.4974489796,0.7448979592,0.4779411765,-1.205882353,0.3273809524,0.4047619048,0.3145424837,-0.8790849673
SUSHIUSDT,6,100000,0.05,1450,10,0.4889473684,-0.1052631579,0.4423809524,-4.761904762,0.3135087719,-0.9824561404,0.2836507937,-3.968253968
1000BONKUSDT,5,1000,0.01,0,75,0.4949494949,0.4949494949,0.4851485149,-0.4851485149,0.3265993266,0.3265993266,0.3201320132,-0.3201320132
1000BONKUSDT,5,10000,0.01,0,75,0.4949494949,0.4949494949,0.4851485149,-0.4851485149,0.3265993266,0.3265993266,0.3201320132,-0.3201320132
1000BONKUSDT,5,100000,0.015,100,50,0.4934010152,0.3401015228,0.478817734,-1.118226601,0.3241962775,0.08629441624,0.3146141215,-0.8719211823
BOMEUSDT,5,1000,0.015,0,50,0.4923857868,0.2385786802,0.4778325123,-1.216748768,0.3231810491,-0.0152284264,0.3136288998,-0.9704433498
BOMEUSDT,5,10000,0.05,300,10,0.5052631579,1.526315789,0.4571428571,-3.285714286,0.3298245614,0.649122807,0.2984126984,-2.492063492
BOMEUSDT,5,100000,0.125,2550,4,0.4577142857,-3.228571429,0.356,-13.4,0.2672380952,-5.60952381,0.2078518519,-11.54814815
CRVUSDT,5,1000,0.0065,0,75,0.4967287368,0.6728736789,0.4903129657,0.03129657228,0.3289716491,0.5638315719,0.3247226362,0.1389302865
CRVUSDT,5,10000,0.01,35,50,0.4984848485,0.8484848485,0.4886138614,-0.1386138614,0.3301346801,0.6801346801,0.3235973597,0.02640264026
CRVUSDT,5,100000,0.02,685,25,0.4967857143,0.6785714286,0.4773039216,-1.269607843,0.3267176871,0.3384353741,0.3139052288,-0.9428104575
NEIROUSDT,5,1000,0.015,0,50,0.4923857868,0.2385786802,0.4778325123,-1.216748768,0.3231810491,-0.0152284264,0.3136288998,-0.9704433498
NEIROUSDT,5,10000,0.05,300,10,0.5052631579,1.526315789,0.4571428571,-3.285714286,0.3298245614,0.649122807,0.2984126984,-2.492063492
NEIROUSDT,5,100000,0.125,2550,4,0.4577142857,-3.228571429,0.356,-13.4,0.2672380952,-5.60952381,0.2078518519,-11.54814815
PEOPLEUSDT,5,1000,0.015,0,50,0.4923857868,0.2385786802,0.4778325123,-1.216748768,0.3231810491,-0.0152284264,0.3136288998,-0.9704433498
PEOPLEUSDT,5,10000,0.05,300,10,0.5052631579,1.526315789,0.4571428571,-3.285714286,0.3298245614,0.649122807,0.2984126984,-2.492063492
PEOPLEUSDT,5,100000,0.125,2550,4,0.4577142857,-3.228571429,0.356,-13.4,0.2672380952,-5.60952381,0.2078518519,-11.54814815
PNUTUSDT,5,1000,0.015,0,50,0.4923857868,0.2385786802,0.4778325123,-1.216748768,0.3231810491,-0.0152284264,0.3136288998,-0.9704433498
PNUTUSDT,5,10000,0.05,300,10,0.5052631579,1.526315789,0.4571428571,-3.285714286,0.3298245614,0.649122807,0.2984126984,-2.492063492
PNUTUSDT,5,100000,0.125,2550,4,0.4577142857,-3.228571429,0.356,-13.4,0.2672380952,-5.60952381,0.2078518519,-11.54814815
UNFIUSDT,5,1000,0.025,0,11,0.4871794872,-0.2820512821,0.4634146341,-2.658536585,0.3162393162,-0.7094017094,0.3008130081,-2.25203252
UNFIUSDT,5,10000,0.025,0,11,0.4871794872,-0.2820512821,0.4634146341,-2.658536585,0.3162393162,-0.7094017094,0.3008130081,-2.25203252
UNFIUSDT,5,100000,0.1,5625,5,0.5069444444,1.694444444,0.4147727273,-7.522727273,0.3217592593,-0.1574074074,0.2632575758,-6.007575758
1000FLOKIUSDT,4,1000,0.01,0,75,0.4949494949,0.4949494949,0.4851485149,-0.4851485149,0.3265993266,0.3265993266,0.3201320132,-0.3201320132
1000FLOKIUSDT,4,10000,0.02,75,25,0.4974489796,0.7448979592,0.4779411765,-1.205882353,0.3273809524,0.4047619048,0.3145424837,-0.8790849673
1000FLOKIUSDT,4,100000,0.0333,1155,15,0.4947243199,0.4724319851,0.4628375109,-2.716248911,0.3223164718,-0.1016861488,0.3015419852,-2.179134811
CFXUSDT,4,1000,0.01,0,75,0.4949494949,0.4949494949,0.4851485149,-0.4851485149,0.3265993266,0.3265993266,0.3201320132,-0.3201320132
CFXUSDT,4,10000,0.02,75,25,0.4974489796,0.7448979592,0.4779411765,-1.205882353,0.3273809524,0.4047619048,0.3145424837,-0.8790849673
CFXUSDT,4,100000,0.0333,1155,15,0.4947243199,0.4724319851,0.4628375109,-2.716248911,0.3223164718,-0.1016861488,0.3015419852,-2.179134811
PIPPINUSDT,4,1000,0.02,0,25,0.4897959184,-0.02040816327,0.4705882353,-1.941176471,0.3197278912,-0.3605442177,0.3071895425,-1.614379085
PIPPINUSDT,4,10000,0.05,275,10,0.5026315789,1.263157895,0.4547619048,-3.523809524,0.3271929825,0.3859649123,0.296031746,-2.73015873
PIPPINUSDT,4,100000,0.1667,6695,3,0.4803192128,-0.9680787231,0.3430616268,-14.69383732,0.2803112124,-4.302212088,0.2002085655,-12.31247679
PUMPUSDT,4,1000,0.01,0,75,0.4949494949,0.4949494949,0.4851485149,-0.4851485149,0.3265993266,0.3265993266,0.3201320132,-0.3201320132
PUMPUSDT,4,10000,0.01,0,75,0.4949494949,0.4949494949,0.4851485149,-0.4851485149,0.3265993266,0.3265993266,0.3201320132,-0.3201320132
PUMPUSDT,4,100000,0.015,100,50,0.4934010152,0.3401015228,0.478817734,-1.118226601,0.3241962775,0.08629441624,0.3146141215,-0.8719211823
RUNEUSDT,4,1000,0.01,0,75,0.4949494949,0.4949494949,0.4851485149,-0.4851485149,0.3265993266,0.3265993266,0.3201320132,-0.3201320132
RUNEUSDT,4,10000,0.02,75,25,0.4974489796,0.7448979592,0.4779411765,-1.205882353,0.3273809524,0.4047619048,0.3145424837,-0.8790849673
RUNEUSDT,4,100000,0.05,1450,10,0.4889473684,-0.1052631579,0.4423809524,-4.761904762,0.3135087719,-0.9824561404,0.2836507937,-3.968253968
TAOUSDT,4,1000,0.01,0,75,0.4949494949,0.4949494949,0.4851485149,-0.4851485149,0.3265993266,0.3265993266,0.3201320132,-0.3201320132
TAOUSDT,4,10000,0.015,50,50,0.4974619289,0.7461928934,0.4827586207,-0.724137931,0.3282571912,0.4923857868,0.3185550082,-0.4778325123
TAOUSDT,4,100000,0.02,550,25,0.4954081633,0.5408163265,0.4759803922,-1.401960784,0.3253401361,0.2006802721,0.3125816993,-1.075163399
1000LUNCUSDT,3,1000,0.01,0,75,0.4949494949,0.4949494949,0.4851485149,-0.4851485149,0.3265993266,0.3265993266,0.3201320132,-0.3201320132
1000LUNCUSDT,3,10000,0.02,75,25,0.4974489796,0.7448979592,0.4779411765,-1.205882353,0.3273809524,0.4047619048,0.3145424837,-0.8790849673
1000LUNCUSDT,3,100000,0.05,1450,10,0.4889473684,-0.1052631579,0.4423809524,-4.761904762,0.3135087719,-0.9824561404,0.2836507937,-3.968253968
1000SATSUSDT,3,1000,0.015,0,50,0.4923857868,0.2385786802,0.4778325123,-1.216748768,0.3231810491,-0.0152284264,0.3136288998,-0.9704433498
1000SATSUSDT,3,10000,0.025,75,20,0.4948717949,0.4871794872,0.4707317073,-1.926829268,0.3239316239,0.05982905983,0.3081300813,-1.520325203
1000SATSUSDT,3,100000,0.1,3825,5,0.4869444444,-0.3055555556,0.3984090909,-9.159090909,0.3017592593,-2.157407407,0.2468939394,-7.643939394
ASTERUSDT,3,1000,0.01,0,75,0.4949494949,0.4949494949,0.4851485149,-0.4851485149,0.3265993266,0.3265993266,0.3201320132,-0.3201320132
ASTERUSDT,3,10000,0.01,0,75,0.4949494949,0.4949494949,0.4851485149,-0.4851485149,0.3265993266,0.3265993266,0.3201320132,-0.3201320132
ASTERUSDT,3,100000,0.015,100,50,0.4934010152,0.3401015228,0.478817734,-1.118226601,0.3241962775,0.08629441624,0.3146141215,-0.8719211823
GRTUSDT,3,1000,0.01,0,75,0.4949494949,0.4949494949,0.4851485149,-0.4851485149,0.3265993266,0.3265993266,0.3201320132,-0.3201320132
GRTUSDT,3,10000,0.02,75,25,0.4974489796,0.7448979592,0.4779411765,-1.205882353,0.3273809524,0.4047619048,0.3145424837,-0.8790849673
GRTUSDT,3,100000,0.05,1450,10,0.4889473684,-0.1052631579,0.4423809524,-4.761904762,0.3135087719,-0.9824561404,0.2836507937,-3.968253968
INJUSDT,3,1000,0.01,0,75,0.4949494949,0.4949494949,0.4851485149,-0.4851485149,0.3265993266,0.3265993266,0.3201320132,-0.3201320132
INJUSDT,3,10000,0.015,50,50,0.4974619289,0.7461928934,0.4827586207,-0.724137931,0.3282571912,0.4923857868,0.3185550082,-0.4778325123
INJUSDT,3,100000,0.02,450,25,0.4943877551,0.4387755102,0.475,-1.5,0.3243197279,0.09863945578,0.3116013072,-1.173202614
LINAUSDT,3,1000,0.025,0,7,0.4871794872,-0.2820512821,0.4634146341,-2.658536585,0.3162393162,-0.7094017094,0.3008130081,-2.25203252
LINAUSDT,3,10000,0.025,0,7,0.4871794872,-0.2820512821,0.4634146341,-2.658536585,0.3162393162,-0.7094017094,0.3008130081,-2.25203252
LINAUSDT,3,100000,0.05,625,6,0.4802631579,-0.9736842105,0.4345238095,-5.547619048,0.3048245614,-1.850877193,0.2757936508,-4.753968254
NOTUSDT,3,1000,0.015,0,50,0.4923857868,0.2385786802,0.4778325123,-1.216748768,0.3231810491,-0.0152284264,0.3136288998,-0.9704433498
NOTUSDT,3,10000,0.05,300,10,0.5052631579,1.526315789,0.4571428571,-3.285714286,0.3298245614,0.649122807,0.2984126984,-2.492063492
NOTUSDT,3,100000,0.125,2550,4,0.4577142857,-3.228571429,0.356,-13.4,0.2672380952,-5.60952381,0.2078518519,-11.54814815
PAXGUSDT,3,1000,0.01,0,75,0.4949494949,0.4949494949,0.4851485149,-0.4851485149,0.3265993266,0.3265993266,0.3201320132,-0.3201320132
PAXGUSDT,3,10000,0.02,75,25,0.4974489796,0.7448979592,0.4779411765,-1.205882353,0.3273809524,0.4047619048,0.3145424837,-0.8790849673
PAXGUSDT,3,100000,0.03333,1158,15,0.4947396733,0.4739673311,0.4628240736,-2.717592637,0.3223264747,-0.1006858597,0.3015332308,-2.180010258
REEFUSDT,3,1000,0.02,0,10,0.4897959184,-0.02040816327,0.4705882353,-1.941176471,0.3197278912,-0.3605442177,0.3071895425,-1.614379085
REEFUSDT,3,10000,0.02,0,10,0.4897959184,-0.02040816327,0.4705882353,-1.941176471,0.3197278912,-0.3605442177,0.3071895425,-1.614379085
REEFUSDT,3,100000,0.05,725,6,0.4813157895,-0.8684210526,0.4354761905,-5.452380952,0.305877193,-1.745614035,0.2767460317,-4.658730159
RIVERUSDT,3,1000,0.015,0,50,0.4923857868,0.2385786802,0.4778325123,-1.216748768,0.3231810491,-0.0152284264,0.3136288998,-0.9704433498
RIVERUSDT,3,10000,0.05,300,10,0.5052631579,1.526315789,0.4571428571,-3.285714286,0.3298245614,0.649122807,0.2984126984,-2.492063492
RIVERUSDT,3,100000,0.125,2550,4,0.4577142857,-3.228571429,0.356,-13.4,0.2672380952,-5.60952381,0.2078518519,-11.54814815
STORJUSDT,3,1000,0.015,0,50,0.4923857868,0.2385786802,0.4778325123,-1.216748768,0.3231810491,-0.0152284264,0.3136288998,-0.9704433498
STORJUSDT,3,10000,0.025,75,20,0.4948717949,0.4871794872,0.4707317073,-1.926829268,0.3239316239,0.05982905983,0.3081300813,-1.520325203
STORJUSDT,3,100000,0.1,3825,5,0.4869444444,-0.3055555556,0.3984090909,-9.159090909,0.3017592593,-2.157407407,0.2468939394,-7.643939394
THETAUSDT,3,1000,0.01,0,75,0.4949494949,0.4949494949,0.4851485149,-0.4851485149,0.3265993266,0.3265993266,0.3201320132,-0.3201320132
THETAUSDT,3,10000,0.02,75,25,0.4974489796,0.7448979592,0.4779411765,-1.205882353,0.3273809524,0.4047619048,0.3145424837,-0.8790849673
THETAUSDT,3,100000,0.0333,1155,15,0.4947243199,0.4724319851,0.4628375109,-2.716248911,0.3223164718,-0.1016861488,0.3015419852,-2.179134811
VETUSDT,3,1000,0.006,0,75,0.4969818913,0.6981891348,0.4910536779,0.1053677932,0.3293091885,0.5975855131,0.3253810471,0.2047713718
VETUSDT,3,10000,0.01,20,50,0.496969697,0.696969697,0.4871287129,-0.2871287129,0.3286195286,0.5286195286,0.3221122112,-0.1221122112
VETUSDT,3,100000,0.02,345,25,0.4933163265,0.3316326531,0.4739705882,-1.602941176,0.3232482993,-0.008503401361,0.3105718954,-1.276143791
ZILUSDT,3,1000,0.01,0,75,0.4949494949,0.4949494949,0.4851485149,-0.4851485149,0.3265993266,0.3265993266,0.3201320132,-0.3201320132
ZILUSDT,3,10000,0.02,75,25,0.4974489796,0.7448979592,0.4779411765,-1.205882353,0.3273809524,0.4047619048,0.3145424837,-0.8790849673
ZILUSDT,3,100000,0.05,1450,10,0.4889473684,-0.1052631579,0.4423809524,-4.761904762,0.3135087719,-0.9824561404,0.2836507937,-3.968253968
1MBABYDOGEUSDT,2,1000,0.01,0,75,0.4949494949,0.4949494949,0.4851485149,-0.4851485149,0.3265993266,0.3265993266,0.3201320132,-0.3201320132
1MBABYDOGEUSDT,2,10000,0.02,75,25,0.4974489796,0.7448979592,0.4779411765,-1.205882353,0.3273809524,0.4047619048,0.3145424837,-0.8790849673
1MBABYDOGEUSDT,2,100000,0.05,1450,10,0.4889473684,-0.1052631579,0.4423809524,-4.761904762,0.3135087719,-0.9824561404,0.2836507937,-3.968253968
ALICEUSDT,2,1000,0.015,0,50,0.4923857868,0.2385786802,0.4778325123,-1.216748768,0.3231810491,-0.0152284264,0.3136288998,-0.9704433498
ALICEUSDT,2,10000,0.05,300,10,0.5052631579,1.526315789,0.4571428571,-3.285714286,0.3298245614,0.649122807,0.2984126984,-2.492063492
ALICEUSDT,2,100000,0.125,2550,4,0.4577142857,-3.228571429,0.356,-13.4,0.2672380952,-5.60952381,0.2078518519,-11.54814815
ARKUSDT,2,1000,0.02,0,40,0.4897959184,-0.02040816327,0.4705882353,-1.941176471,0.3197278912,-0.3605442177,0.3071895425,-1.614379085
ARKUSDT,2,10000,0.05,275,10,0.5026315789,1.263157895,0.4547619048,-3.523809524,0.3271929825,0.3859649123,0.296031746,-2.73015873
ARKUSDT,2,100000,0.1667,6945,3,0.4833193328,-0.6680667227,0.3452044227,-14.47955773,0.2833113325,-4.002200088,0.2023513614,-12.09819719
BLZUSDT,2,1000,0.025,0,10,0.4871794872,-0.2820512821,0.4634146341,-2.658536585,0.3162393162,-0.7094017094,0.3008130081,-2.25203252
BLZUSDT,2,10000,0.025,0,10,0.4871794872,-0.2820512821,0.4634146341,-2.658536585,0.3162393162,-0.7094017094,0.3008130081,-2.25203252
BLZUSDT,2,100000,0.1,5625,5,0.5069444444,1.694444444,0.4147727273,-7.522727273,0.3217592593,-0.1574074074,0.2632575758,-6.007575758
CHRUSDT,2,1000,0.015,0,50,0.4923857868,0.2385786802,0.4778325123,-1.216748768,0.3231810491,-0.0152284264,0.3136288998,-0.9704433498
CHRUSDT,2,10000,0.025,75,20,0.4948717949,0.4871794872,0.4707317073,-1.926829268,0.3239316239,0.05982905983,0.3081300813,-1.520325203
CHRUSDT,2,100000,0.1,3825,5,0.4869444444,-0.3055555556,0.3984090909,-9.159090909,0.3017592593,-2.157407407,0.2468939394,-7.643939394
DASHUSDT,2,1000,0.01,0,75,0.4949494949,0.4949494949,0.4851485149,-0.4851485149,0.3265993266,0.3265993266,0.3201320132,-0.3201320132
DASHUSDT,2,10000,0.02,75,25,0.4974489796,0.7448979592,0.4779411765,-1.205882353,0.3273809524,0.4047619048,0.3145424837,-0.8790849673
DASHUSDT,2,100000,0.0333,1155,15,0.4947243199,0.4724319851,0.4628375109,-2.716248911,0.3223164718,-0.1016861488,0.3015419852,-2.179134811
ENJUSDT,2,1000,0.015,0,50,0.4923857868,0.2385786802,0.4778325123,-1.216748768,0.3231810491,-0.0152284264,0.3136288998,-0.9704433498
ENJUSDT,2,10000,0.025,75,20,0.4948717949,0.4871794872,0.4707317073,-1.926829268,0.3239316239,0.05982905983,0.3081300813,-1.520325203
ENJUSDT,2,100000,0.1,3825,5,0.4869444444,-0.3055555556,0.3984090909,-9.159090909,0.3017592593,-2.157407407,0.2468939394,-7.643939394
HBARUSDT,2,1000,0.01,0,75,0.4949494949,0.4949494949,0.4851485149,-0.4851485149,0.3265993266,0.3265993266,0.3201320132,-0.3201320132
HBARUSDT,2,10000,0.015,50,50,0.4974619289,0.7461928934,0.4827586207,-0.724137931,0.3282571912,0.4923857868,0.3185550082,-0.4778325123
HBARUSDT,2,100000,0.02,450,25,0.4943877551,0.4387755102,0.475,-1.5,0.3243197279,0.09863945578,0.3116013072,-1.173202614
KAITOUSDT,2,1000,0.01,0,75,0.4949494949,0.4949494949,0.4851485149,-0.4851485149,0.3265993266,0.3265993266,0.3201320132,-0.3201320132
KAITOUSDT,2,10000,0.02,75,25,0.4974489796,0.7448979592,0.4779411765,-1.205882353,0.3273809524,0.4047619048,0.3145424837,-0.8790849673
KAITOUSDT,2,100000,0.05,1450,10,0.4889473684,-0.1052631579,0.4423809524,-4.761904762,0.3135087719,-0.9824561404,0.2836507937,-3.968253968
KNCUSDT,2,1000,0.015,0,50,0.4923857868,0.2385786802,0.4778325123,-1.216748768,0.3231810491,-0.0152284264,0.3136288998,-0.9704433498
KNCUSDT,2,10000,0.025,75,20,0.4948717949,0.4871794872,0.4707317073,-1.926829268,0.3239316239,0.05982905983,0.3081300813,-1.520325203
KNCUSDT,2,100000,0.1,3825,5,0.4869444444,-0.3055555556,0.3984090909,-9.159090909,0.3017592593,-2.157407407,0.2468939394,-7.643939394
LDOUSDT,2,1000,0.006,0,75,0.4969818913,0.6981891348,0.4910536779,0.1053677932,0.3293091885,0.5975855131,0.3253810471,0.2047713718
LDOUSDT,2,10000,0.01,20,50,0.496969697,0.696969697,0.4871287129,-0.2871287129,0.3286195286,0.5286195286,0.3221122112,-0.1221122112
LDOUSDT,2,100000,0.02,670,25,0.4966326531,0.6632653061,0.4771568627,-1.284313725,0.3265646259,0.3231292517,0.3137581699,-0.9575163399
MKRUSDT,2,1000,0.006,0,75,0.4969818913,0.6981891348,0.4910536779,0.1053677932,0.3293091885,0.5975855131,0.3253810471,0.2047713718
MKRUSDT,2,10000,0.01,20,50,0.496969697,0.696969697,0.4871287129,-0.2871287129,0.3286195286,0.5286195286,0.3221122112,-0.1221122112
MKRUSDT,2,100000,0.02,545,25,0.4953571429,0.5357142857,0.4759313725,-1.406862745,0.3252891156,0.1955782313,0.3125326797,-1.080065359
MOODENGUSDT,2,1000,0.015,0,50,0.4923857868,0.2385786802,0.4778325123,-1.216748768,0.3231810491,-0.0152284264,0.3136288998,-0.9704433498
MOODENGUSDT,2,10000,0.025,75,20,0.4948717949,0.4871794872,0.4707317073,-1.926829268,0.3239316239,0.05982905983,0.3081300813,-1.520325203
MOODENGUSDT,2,100000,0.1,3825,5,0.4869444444,-0.3055555556,0.3984090909,-9.159090909,0.3017592593,-2.157407407,0.2468939394,-7.643939394
MTLUSDT,2,1000,0.015,0,50,0.4923857868,0.2385786802,0.4778325123,-1.216748768,0.3231810491,-0.0152284264,0.3136288998,-0.9704433498
MTLUSDT,2,10000,0.05,300,10,0.5052631579,1.526315789,0.4571428571,-3.285714286,0.3298245614,0.649122807,0.2984126984,-2.492063492
MTLUSDT,2,100000,0.125,2550,4,0.4577142857,-3.228571429,0.356,-13.4,0.2672380952,-5.60952381,0.2078518519,-11.54814815
MYXUSDT,2,1000,0.05,0,10,0.4736842105,-1.631578947,0.4285714286,-6.142857143,0.298245614,-2.50877193,0.2698412698,-5.349206349
MYXUSDT,2,10000,0.1,500,5,0.5,1,0.4090909091,-8.090909091,0.3148148148,-0.8518518519,0.2575757576,-6.575757576
MYXUSDT,2,100000,0.1667,4919,3,0.4590063603,-3.099363975,0.3278392046,-16.21607954,0.2589983599,-6.43349734,0.1849861433,-13.83471901
ONDOUSDT,2,1000,0.01,0,75,0.4949494949,0.4949494949,0.4851485149,-0.4851485149,0.3265993266,0.3265993266,0.3201320132,-0.3201320132
ONDOUSDT,2,10000,0.015,37.5,50,0.4961928934,0.6192893401,0.4815270936,-0.8472906404,0.3269881557,0.3654822335,0.3173234811,-0.6009852217
ONDOUSDT,2,100000,0.025,487.5,20,0.4921794872,0.2179487179,0.4681707317,-2.182926829,0.3212393162,-0.2094017094,0.3055691057,-1.776422764
PENGUUSDT,2,1000,0.01,0,75,0.4949494949,0.4949494949,0.4851485149,-0.4851485149,0.3265993266,0.3265993266,0.3201320132,-0.3201320132
PENGUUSDT,2,10000,0.01,0,75,0.4949494949,0.4949494949,0.4851485149,-0.4851485149,0.3265993266,0.3265993266,0.3201320132,-0.3201320132
PENGUUSDT,2,100000,0.015,100,50,0.4934010152,0.3401015228,0.478817734,-1.118226601,0.3241962775,0.08629441624,0.3146141215,-0.8719211823
SEIUSDT,2,1000,0.01,0,75,0.4949494949,0.4949494949,0.4851485149,-0.4851485149,0.3265993266,0.3265993266,0.3201320132,-0.3201320132
SEIUSDT,2,10000,0.015,37.5,50,0.4961928934,0.6192893401,0.4815270936,-0.8472906404,0.3269881557,0.3654822335,0.3173234811,-0.6009852217
SEIUSDT,2,100000,0.025,487.5,20,0.4921794872,0.2179487179,0.4681707317,-2.182926829,0.3212393162,-0.2094017094,0.3055691057,-1.776422764
SIRENUSDT,2,1000,0.04,10,20,0.4895833333,-0.04166666667,0.4519230769,-3.807692308,0.3159722222,-0.7361111111,0.2916666667,-3.166666667
SIRENUSDT,2,10000,0.1,540,5,0.5044444444,1.444444444,0.4127272727,-7.727272727,0.3192592593,-0.4074074074,0.2612121212,-6.212121212
SIRENUSDT,2,100000,0.125,1290,4,0.4433142857,-4.668571429,0.3448,-14.52,0.2528380952,-7.04952381,0.1966518519,-12.66814815
STMXUSDT,2,1000,0.025,0,8,0.4871794872,-0.2820512821,0.4634146341,-2.658536585,0.3162393162,-0.7094017094,0.3008130081,-2.25203252
STMXUSDT,2,10000,0.025,0,8,0.4871794872,-0.2820512821,0.4634146341,-2.658536585,0.3162393162,-0.7094017094,0.3008130081,-2.25203252
STMXUSDT,2,100000,0.1,5625,5,0.5069444444,1.694444444,0.4147727273,-7.522727273,0.3217592593,-0.1574074074,0.2632575758,-6.007575758
TONUSDT,2,1000,0.01,0,75,0.4949494949,0.4949494949,0.4851485149,-0.4851485149,0.3265993266,0.3265993266,0.3201320132,-0.3201320132
TONUSDT,2,10000,0.015,50,50,0.4974619289,0.7461928934,0.4827586207,-0.724137931,0.3282571912,0.4923857868,0.3185550082,-0.4778325123
TONUSDT,2,100000,0.02,450,25,0.4943877551,0.4387755102,0.475,-1.5,0.3243197279,0.09863945578,0.3116013072,-1.173202614
XPLUSDT,2,1000,0.01,0,75,0.4949494949,0.4949494949,0.4851485149,-0.4851485149,0.3265993266,0.3265993266,0.3201320132,-0.3201320132
XPLUSDT,2,10000,0.02,75,25,0.4974489796,0.7448979592,0.4779411765,-1.205882353,0.3273809524,0.4047619048,0.3145424837,-0.8790849673
XPLUSDT,2,100000,0.0333,1155,15,0.4947243199,0.4724319851,0.4628375109,-2.716248911,0.3223164718,-0.1016861488,0.3015419852,-2.179134811
1000RATSUSDT,1,1000,0.02,0,40,0.4897959184,-0.02040816327,0.4705882353,-1.941176471,0.3197278912,-0.3605442177,0.3071895425,-1.614379085
1000RATSUSDT,1,10000,0.05,275,10,0.5026315789,1.263157895,0.4547619048,-3.523809524,0.3271929825,0.3859649123,0.296031746,-2.73015873
1000RATSUSDT,1,100000,0.1667,6945,3,0.4833193328,-0.6680667227,0.3452044227,-14.47955773,0.2833113325,-4.002200088,0.2023513614,-12.09819719
1INCHUSDT,1,1000,0.01,0,75,0.4949494949,0.4949494949,0.4851485149,-0.4851485149,0.3265993266,0.3265993266,0.3201320132,-0.3201320132
1INCHUSDT,1,10000,0.02,75,25,0.4974489796,0.7448979592,0.4779411765,-1.205882353,0.3273809524,0.4047619048,0.3145424837,-0.8790849673
1INCHUSDT,1,100000,0.05,1450,10,0.4889473684,-0.1052631579,0.4423809524,-4.761904762,0.3135087719,-0.9824561404,0.2836507937,-3.968253968
AGIXUSDT,1,1000,0.02,0,25,0.4897959184,-0.02040816327,0.4705882353,-1.941176471,0.3197278912,-0.3605442177,0.3071895425,-1.614379085
AGIXUSDT,1,10000,0.025,25,20,0.4897435897,-0.02564102564,0.4658536585,-2.414634146,0.3188034188,-0.452991453,0.3032520325,-2.008130081
AGIXUSDT,1,100000,0.05,650,10,0.4805263158,-0.9473684211,0.4347619048,-5.523809524,0.3050877193,-1.824561404,0.276031746,-4.73015873
AIXBTUSDT,1,1000,0.015,0,50,0.4923857868,0.2385786802,0.4778325123,-1.216748768,0.3231810491,-0.0152284264,0.3136288998,-0.9704433498
AIXBTUSDT,1,10000,0.05,300,10,0.5052631579,1.526315789,0.4571428571,-3.285714286,0.3298245614,0.649122807,0.2984126984,-2.492063492
AIXBTUSDT,1,100000,0.125,2550,4,0.4577142857,-3.228571429,0.356,-13.4,0.2672380952,-5.60952381,0.2078518519,-11.54814815
ALGOUSDT,1,1000,0.01,0,75,0.4949494949,0.4949494949,0.4851485149,-0.4851485149,0.3265993266,0.3265993266,0.3201320132,-0.3201320132
ALGOUSDT,1,10000,0.02,75,25,0.4974489796,0.7448979592,0.4779411765,-1.205882353,0.3273809524,0.4047619048,0.3145424837,-0.8790849673
ALGOUSDT,1,100000,0.0333,1155,15,0.4947243199,0.4724319851,0.4628375109,-2.716248911,0.3223164718,-0.1016861488,0.3015419852,-2.179134811
ALPACAUSDT,1,1000,0.08,0,5,0.4565217391,-3.347826087,0.3888888889,-10.11111111,0.2753623188,-4.797101449,0.2345679012,-8.87654321
ALPACAUSDT,1,10000,0.08,0,5,0.4565217391,-3.347826087,0.3888888889,-10.11111111,0.2753623188,-4.797101449,0.2345679012,-8.87654321
ALPACAUSDT,1,100000,0.1,2000,4,0.4666666667,-2.333333333,0.3818181818,-10.81818182,0.2814814815,-4.185185185,0.2303030303,-9.303030303
ARCUSDT,1,1000,0.025,0,20,0.4871794872,-0.2820512821,0.4634146341,-2.658536585,0.3162393162,-0.7094017094,0.3008130081,-2.25203252
ARCUSDT,1,10000,0.1,550,5,0.5055555556,1.555555556,0.4136363636,-7.636363636,0.3203703704,-0.2962962963,0.2621212121,-6.121212121
ARCUSDT,1,100000,0.1667,4969,3,0.4596063843,-3.039361574,0.3282677638,-16.17322362,0.2595983839,-6.37349494,0.1854147024,-13.79186309
ARIAUSDT,1,1000,0.05,0,10,0.4736842105,-1.631578947,0.4285714286,-6.142857143,0.298245614,-2.50877193,0.2698412698,-5.349206349
ARIAUSDT,1,10000,0.1,300,5,0.4777777778,-1.222222222,0.3909090909,-9.909090909,0.2925925926,-3.074074074,0.2393939394,-8.393939394
ARIAUSDT,1,100000,0.1667,5720,3,0.4686187447,-2.138125525,0.3347047227,-15.52952773,0.2686107444,-5.47225889,0.1918516614,-13.1481672
ARPAUSDT,1,1000,0.015,0,50,0.4923857868,0.2385786802,0.4778325123,-1.216748768,0.3231810491,-0.0152284264,0.3136288998,-0.9704433498
ARPAUSDT,1,10000,0.05,300,10,0.5052631579,1.526315789,0.4571428571,-3.285714286,0.3298245614,0.649122807,0.2984126984,-2.492063492
ARPAUSDT,1,100000,0.125,2550,4,0.4577142857,-3.228571429,0.356,-13.4,0.2672380952,-5.60952381,0.2078518519,-11.54814815
AUCTIONUSDT,1,1000,0.015,0,50,0.4923857868,0.2385786802,0.4778325123,-1.216748768,0.3231810491,-0.0152284264,0.3136288998,-0.9704433498
AUCTIONUSDT,1,10000,0.05,300,10,0.5052631579,1.526315789,0.4571428571,-3.285714286,0.3298245614,0.649122807,0.2984126984,-2.492063492
AUCTIONUSDT,1,100000,0.125,2550,4,0.4577142857,-3.228571429,0.356,-13.4,0.2672380952,-5.60952381,0.2078518519,-11.54814815
BAKEUSDT,1,1000,0.05,0,10,0.4736842105,-1.631578947,0.4285714286,-6.142857143,0.298245614,-2.50877193,0.2698412698,-5.349206349
BAKEUSDT,1,10000,0.05,0,10,0.4736842105,-1.631578947,0.4285714286,-6.142857143,0.298245614,-2.50877193,0.2698412698,-5.349206349
BAKEUSDT,1,100000,0.1667,6670,3,0.4800192008,-0.9980799232,0.3428473472,-14.71526528,0.2800112004,-4.332213289,0.1999942859,-12.33390475
BANDUSDT,1,1000,0.015,0,50,0.4923857868,0.2385786802,0.4778325123,-1.216748768,0.3231810491,-0.0152284264,0.3136288998,-0.9704433498
BANDUSDT,1,10000,0.025,75,20,0.4948717949,0.4871794872,0.4707317073,-1.926829268,0.3239316239,0.05982905983,0.3081300813,-1.520325203
BANDUSDT,1,100000,0.1,3825,5,0.4869444444,-0.3055555556,0.3984090909,-9.159090909,0.3017592593,-2.157407407,0.2468939394,-7.643939394
BBUSDT,1,1000,0.015,0,50,0.4923857868,0.2385786802,0.4778325123,-1.216748768,0.3231810491,-0.0152284264,0.3136288998,-0.9704433498
BBUSDT,1,10000,0.025,75,20,0.4948717949,0.4871794872,0.4707317073,-1.926829268,0.3239316239,0.05982905983,0.3081300813,-1.520325203
BBUSDT,1,100000,0.1,3825,5,0.4869444444,-0.3055555556,0.3984090909,-9.159090909,0.3017592593,-2.157407407,0.2468939394,-7.643939394
BEATUSDT,1,1000,0.05,0,10,0.4736842105,-1.631578947,0.4285714286,-6.142857143,0.298245614,-2.50877193,0.2698412698,-5.349206349
BEATUSDT,1,10000,0.1,500,5,0.5,1,0.4090909091,-8.090909091,0.3148148148,-0.8518518519,0.2575757576,-6.575757576
BEATUSDT,1,100000,0.1667,4919,3,0.4590063603,-3.099363975,0.3278392046,-16.21607954,0.2589983599,-6.43349734,0.1849861433,-13.83471901
BELUSDT,1,1000,0.05,0,10,0.4736842105,-1.631578947,0.4285714286,-6.142857143,0.298245614,-2.50877193,0.2698412698,-5.349206349
BELUSDT,1,10000,0.1,500,5,0.5,1,0.4090909091,-8.090909091,0.3148148148,-0.8518518519,0.2575757576,-6.575757576
BELUSDT,1,100000,0.1667,4919,3,0.4590063603,-3.099363975,0.3278392046,-16.21607954,0.2589983599,-6.43349734,0.1849861433,-13.83471901
BIGTIMEUSDT,1,1000,0.015,0,50,0.4923857868,0.2385786802,0.4778325123,-1.216748768,0.3231810491,-0.0152284264,0.3136288998,-0.9704433498
BIGTIMEUSDT,1,10000,0.05,300,10,0.5052631579,1.526315789,0.4571428571,-3.285714286,0.3298245614,0.649122807,0.2984126984,-2.492063492
BIGTIMEUSDT,1,100000,0.125,2550,4,0.4577142857,-3.228571429,0.356,-13.4,0.2672380952,-5.60952381,0.2078518519,-11.54814815
BIOUSDT,1,1000,0.015,0,50,0.4923857868,0.2385786802,0.4778325123,-1.216748768,0.3231810491,-0.0152284264,0.3136288998,-0.9704433498
BIOUSDT,1,10000,0.025,75,20,0.4948717949,0.4871794872,0.4707317073,-1.926829268,0.3239316239,0.05982905983,0.3081300813,-1.520325203
BIOUSDT,1,100000,0.1,3825,5,0.4869444444,-0.3055555556,0.3984090909,-9.159090909,0.3017592593,-2.157407407,0.2468939394,-7.643939394
BLURUSDT,1,1000,0.015,0,50,0.4923857868,0.2385786802,0.4778325123,-1.216748768,0.3231810491,-0.0152284264,0.3136288998,-0.9704433498
BLURUSDT,1,10000,0.05,300,10,0.5052631579,1.526315789,0.4571428571,-3.285714286,0.3298245614,0.649122807,0.2984126984,-2.492063492
BLURUSDT,1,100000,0.125,2550,4,0.4577142857,-3.228571429,0.356,-13.4,0.2672380952,-5.60952381,0.2078518519,-11.54814815
BNTUSDT,1,1000,0.015,0,50,0.4923857868,0.2385786802,0.4778325123,-1.216748768,0.3231810491,-0.0152284264,0.3136288998,-0.9704433498
BNTUSDT,1,10000,0.05,300,10,0.5052631579,1.526315789,0.4571428571,-3.285714286,0.3298245614,0.649122807,0.2984126984,-2.492063492
BNTUSDT,1,100000,0.125,2550,4,0.4577142857,-3.228571429,0.356,-13.4,0.2672380952,-5.60952381,0.2078518519,-11.54814815
BNXUSDT,1,1000,0.05,0,5,0.4736842105,-1.631578947,0.4285714286,-6.142857143,0.298245614,-2.50877193,0.2698412698,-5.349206349
BNXUSDT,1,10000,0.05,0,5,0.4736842105,-1.631578947,0.4285714286,-6.142857143,0.298245614,-2.50877193,0.2698412698,-5.349206349
BNXUSDT,1,100000,0.05,0,5,0.4736842105,-1.631578947,0.4285714286,-6.142857143,0.298245614,-2.50877193,0.2698412698,-5.349206349
BSBUSDT,1,1000,0.05,0,10,0.4736842105,-1.631578947,0.4285714286,-6.142857143,0.298245614,-2.50877193,0.2698412698,-5.349206349
BSBUSDT,1,10000,0.1,500,5,0.5,1,0.4090909091,-8.090909091,0.3148148148,-0.8518518519,0.2575757576,-6.575757576
BSBUSDT,1,100000,0.1667,5920,3,0.4710188408,-1.898115925,0.3364189595,-15.35810405,0.2710108404,-5.23224929,0.1935658981,-12.97674352
BULLAUSDT,1,1000,0.05,0,10,0.4736842105,-1.631578947,0.4285714286,-6.142857143,0.298245614,-2.50877193,0.2698412698,-5.349206349
BULLAUSDT,1,10000,0.1,500,5,0.5,1,0.4090909091,-8.090909091,0.3148148148,-0.8518518519,0.2575757576,-6.575757576
BULLAUSDT,1,100000,0.1667,5920,3,0.4710188408,-1.898115925,0.3364189595,-15.35810405,0.2710108404,-5.23224929,0.1935658981,-12.97674352
CKBUSDT,1,1000,0.015,0,50,0.4923857868,0.2385786802,0.4778325123,-1.216748768,0.3231810491,-0.0152284264,0.3136288998,-0.9704433498
CKBUSDT,1,10000,0.025,75,20,0.4948717949,0.4871794872,0.4707317073,-1.926829268,0.3239316239,0.05982905983,0.3081300813,-1.520325203
CKBUSDT,1,100000,0.1,3825,5,0.4869444444,-0.3055555556,0.3984090909,-9.159090909,0.3017592593,-2.157407407,0.2468939394,-7.643939394
COAIUSDT,1,1000,0.05,0,10,0.4736842105,-1.631578947,0.4285714286,-6.142857143,0.298245614,-2.50877193,0.2698412698,-5.349206349
COAIUSDT,1,10000,0.1,500,5,0.5,1,0.4090909091,-8.090909091,0.3148148148,-0.8518518519,0.2575757576,-6.575757576
COAIUSDT,1,100000,0.1667,4919,3,0.4590063603,-3.099363975,0.3278392046,-16.21607954,0.2589983599,-6.43349734,0.1849861433,-13.83471901
COMPUSDT,1,1000,0.01,0,75,0.4949494949,0.4949494949,0.4851485149,-0.4851485149,0.3265993266,0.3265993266,0.3201320132,-0.3201320132
COMPUSDT,1,10000,0.02,75,25,0.4974489796,0.7448979592,0.4779411765,-1.205882353,0.3273809524,0.4047619048,0.3145424837,-0.8790849673
COMPUSDT,1,100000,0.0333,1155,15,0.4947243199,0.4724319851,0.4628375109,-2.716248911,0.3223164718,-0.1016861488,0.3015419852,-2.179134811
CTSIUSDT,1,1000,0.015,0,50,0.4923857868,0.2385786802,0.4778325123,-1.216748768,0.3231810491,-0.0152284264,0.3136288998,-0.9704433498
CTSIUSDT,1,10000,0.025,75,20,0.4948717949,0.4871794872,0.4707317073,-1.926829268,0.3239316239,0.05982905983,0.3081300813,-1.520325203
CTSIUSDT,1,100000,0.1,3825,5,0.4869444444,-0.3055555556,0.3984090909,-9.159090909,0.3017592593,-2.157407407,0.2468939394,-7.643939394
CYBERUSDT,1,1000,0.015,0,50,0.4923857868,0.2385786802,0.4778325123,-1.216748768,0.3231810491,-0.0152284264,0.3136288998,-0.9704433498
CYBERUSDT,1,10000,0.025,75,15,0.4948717949,0.4871794872,0.4707317073,-1.926829268,0.3239316239,0.05982905983,0.3081300813,-1.520325203
CYBERUSDT,1,100000,0.1,3825,5,0.4869444444,-0.3055555556,0.3984090909,-9.159090909,0.3017592593,-2.157407407,0.2468939394,-7.643939394
DOGSUSDT,1,1000,0.015,0,50,0.4923857868,0.2385786802,0.4778325123,-1.216748768,0.3231810491,-0.0152284264,0.3136288998,-0.9704433498
DOGSUSDT,1,10000,0.025,75,20,0.4948717949,0.4871794872,0.4707317073,-1.926829268,0.3239316239,0.05982905983,0.3081300813,-1.520325203
DOGSUSDT,1,100000,0.1,3825,5,0.4869444444,-0.3055555556,0.3984090909,-9.159090909,0.3017592593,-2.157407407,0.2468939394,-7.643939394
EDUUSDT,1,1000,0.015,0,50,0.4923857868,0.2385786802,0.4778325123,-1.216748768,0.3231810491,-0.0152284264,0.3136288998,-0.9704433498
EDUUSDT,1,10000,0.025,75,20,0.4948717949,0.4871794872,0.4707317073,-1.926829268,0.3239316239,0.05982905983,0.3081300813,-1.520325203
EDUUSDT,1,100000,0.1,3825,5,0.4869444444,-0.3055555556,0.3984090909,-9.159090909,0.3017592593,-2.157407407,0.2468939394,-7.643939394
ENSOUSDT,1,1000,0.015,0,50,0.4923857868,0.2385786802,0.4778325123,-1.216748768,0.3231810491,-0.0152284264,0.3136288998,-0.9704433498
ENSOUSDT,1,10000,0.05,300,10,0.5052631579,1.526315789,0.4571428571,-3.285714286,0.3298245614,0.649122807,0.2984126984,-2.492063492
ENSOUSDT,1,100000,0.125,2550,4,0.4577142857,-3.228571429,0.356,-13.4,0.2672380952,-5.60952381,0.2078518519,-11.54814815
ETHFIUSDT,1,1000,0.01,0,75,0.4949494949,0.4949494949,0.4851485149,-0.4851485149,0.3265993266,0.3265993266,0.3201320132,-0.3201320132
ETHFIUSDT,1,10000,0.02,75,25,0.4974489796,0.7448979592,0.4779411765,-1.205882353,0.3273809524,0.4047619048,0.3145424837,-0.8790849673
ETHFIUSDT,1,100000,0.0333,1155,15,0.4947243199,0.4724319851,0.4628375109,-2.716248911,0.3223164718,-0.1016861488,0.3015419852,-2.179134811
FETUSDT,1,1000,0.01,0,75,0.4949494949,0.4949494949,0.4851485149,-0.4851485149,0.3265993266,0.3265993266,0.3201320132,-0.3201320132
FETUSDT,1,10000,0.02,75,25,0.4974489796,0.7448979592,0.4779411765,-1.205882353,0.3273809524,0.4047619048,0.3145424837,-0.8790849673
FETUSDT,1,100000,0.0333,1155,15,0.4947243199,0.4724319851,0.4628375109,-2.716248911,0.3223164718,-0.1016861488,0.3015419852,-2.179134811
FLMUSDT,1,1000,0.05,0,10,0.4736842105,-1.631578947,0.4285714286,-6.142857143,0.298245614,-2.50877193,0.2698412698,-5.349206349
FLMUSDT,1,10000,0.05,0,10,0.4736842105,-1.631578947,0.4285714286,-6.142857143,0.298245614,-2.50877193,0.2698412698,-5.349206349
FLMUSDT,1,100000,0.1667,6170,3,0.4740189608,-1.598103924,0.3385617554,-15.14382446,0.2740109604,-4.932237289,0.195708694,-12.76246393
FOLKSUSDT,1,1000,0.015,0,50,0.4923857868,0.2385786802,0.4778325123,-1.216748768,0.3231810491,-0.0152284264,0.3136288998,-0.9704433498
FOLKSUSDT,1,10000,0.05,300,10,0.5052631579,1.526315789,0.4571428571,-3.285714286,0.3298245614,0.649122807,0.2984126984,-2.492063492
FOLKSUSDT,1,100000,0.125,2550,4,0.4577142857,-3.228571429,0.356,-13.4,0.2672380952,-5.60952381,0.2078518519,-11.54814815
FTTUSDT,1,1000,0.025,0,8,0.4871794872,-0.2820512821,0.4634146341,-2.658536585,0.3162393162,-0.7094017094,0.3008130081,-2.25203252
FTTUSDT,1,10000,0.025,0,8,0.4871794872,-0.2820512821,0.4634146341,-2.658536585,0.3162393162,-0.7094017094,0.3008130081,-2.25203252
FTTUSDT,1,100000,0.1,2875,5,0.4763888889,-1.361111111,0.3897727273,-10.02272727,0.2912037037,-3.212962963,0.2382575758,-8.507575758
FUNUSDT,1,1000,0.025,0,20,0.4871794872,-0.2820512821,0.4634146341,-2.658536585,0.3162393162,-0.7094017094,0.3008130081,-2.25203252
FUNUSDT,1,10000,0.05,125,10,0.4868421053,-0.3157894737,0.4404761905,-4.952380952,0.3114035088,-1.192982456,0.2817460317,-4.158730159
FUNUSDT,1,100000,0.1667,6295,3,0.4755190208,-1.448097924,0.3396331533,-15.03668467,0.2755110204,-4.782231289,0.196780092,-12.65532413
GASUSDT,1,1000,0.01,0,75,0.4949494949,0.4949494949,0.4851485149,-0.4851485149,0.3265993266,0.3265993266,0.3201320132,-0.3201320132
GASUSDT,1,10000,0.02,75,25,0.4974489796,0.7448979592,0.4779411765,-1.205882353,0.3273809524,0.4047619048,0.3145424837,-0.8790849673
GASUSDT,1,100000,0.05,1450,10,0.4889473684,-0.1052631579,0.4423809524,-4.761904762,0.3135087719,-0.9824561404,0.2836507937,-3.968253968
GIGGLEUSDT,1,1000,0.015,0,50,0.4923857868,0.2385786802,0.4778325123,-1.216748768,0.3231810491,-0.0152284264,0.3136288998,-0.9704433498
GIGGLEUSDT,1,10000,0.025,75,20,0.4948717949,0.4871794872,0.4707317073,-1.926829268,0.3239316239,0.05982905983,0.3081300813,-1.520325203
GIGGLEUSDT,1,100000,0.1,3825,5,0.4869444444,-0.3055555556,0.3984090909,-9.159090909,0.3017592593,-2.157407407,0.2468939394,-7.643939394
GOATUSDT,1,1000,0.02,0,25,0.4897959184,-0.02040816327,0.4705882353,-1.941176471,0.3197278912,-0.3605442177,0.3071895425,-1.614379085
GOATUSDT,1,10000,0.05,275,10,0.5026315789,1.263157895,0.4547619048,-3.523809524,0.3271929825,0.3859649123,0.296031746,-2.73015873
GOATUSDT,1,100000,0.1667,6695,3,0.4803192128,-0.9680787231,0.3430616268,-14.69383732,0.2803112124,-4.302212088,0.2002085655,-12.31247679
GUNUSDT,1,1000,0.015,0,50,0.4923857868,0.2385786802,0.4778325123,-1.216748768,0.3231810491,-0.0152284264,0.3136288998,-0.9704433498
GUNUSDT,1,10000,0.05,300,10,0.5052631579,1.526315789,0.4571428571,-3.285714286,0.3298245614,0.649122807,0.2984126984,-2.492063492
GUNUSDT,1,100000,0.125,2550,4,0.4577142857,-3.228571429,0.356,-13.4,0.2672380952,-5.60952381,0.2078518519,-11.54814815
HIGHUSDT,1,1000,0.05,0,10,0.4736842105,-1.631578947,0.4285714286,-6.142857143,0.298245614,-2.50877193,0.2698412698,-5.349206349
HIGHUSDT,1,10000,0.1,500,5,0.5,1,0.4090909091,-8.090909091,0.3148148148,-0.8518518519,0.2575757576,-6.575757576
HIGHUSDT,1,100000,0.1667,4919,3,0.4590063603,-3.099363975,0.3278392046,-16.21607954,0.2589983599,-6.43349734,0.1849861433,-13.83471901
HYPERUSDT,1,1000,0.015,0,50,0.4923857868,0.2385786802,0.4778325123,-1.216748768,0.3231810491,-0.0152284264,0.3136288998,-0.9704433498
HYPERUSDT,1,10000,0.025,75,20,0.4948717949,0.4871794872,0.4707317073,-1.926829268,0.3239316239,0.05982905983,0.3081300813,-1.520325203
HYPERUSDT,1,100000,0.1,3825,5,0.4869444444,-0.3055555556,0.3984090909,-9.159090909,0.3017592593,-2.157407407,0.2468939394,-7.643939394
IDUSDT,1,1000,0.015,0,50,0.4923857868,0.2385786802,0.4778325123,-1.216748768,0.3231810491,-0.0152284264,0.3136288998,-0.9704433498
IDUSDT,1,10000,0.025,75,20,0.4948717949,0.4871794872,0.4707317073,-1.926829268,0.3239316239,0.05982905983,0.3081300813,-1.520325203
IDUSDT,1,100000,0.1,3825,5,0.4869444444,-0.3055555556,0.3984090909,-9.159090909,0.3017592593,-2.157407407,0.2468939394,-7.643939394
IOTXUSDT,1,1000,0.015,0,50,0.4923857868,0.2385786802,0.4778325123,-1.216748768,0.3231810491,-0.0152284264,0.3136288998,-0.9704433498
IOTXUSDT,1,10000,0.025,75,20,0.4948717949,0.4871794872,0.4707317073,-1.926829268,0.3239316239,0.05982905983,0.3081300813,-1.520325203
IOTXUSDT,1,100000,0.1,3825,5,0.4869444444,-0.3055555556,0.3984090909,-9.159090909,0.3017592593,-2.157407407,0.2468939394,-7.643939394
IOUSDT,1,1000,0.015,0,50,0.4923857868,0.2385786802,0.4778325123,-1.216748768,0.3231810491,-0.0152284264,0.3136288998,-0.9704433498
IOUSDT,1,10000,0.05,300,10,0.5052631579,1.526315789,0.4571428571,-3.285714286,0.3298245614,0.649122807,0.2984126984,-2.492063492
IOUSDT,1,100000,0.125,2550,4,0.4577142857,-3.228571429,0.356,-13.4,0.2672380952,-5.60952381,0.2078518519,-11.54814815
IPUSDT,1,1000,0.01,0,75,0.4949494949,0.4949494949,0.4851485149,-0.4851485149,0.3265993266,0.3265993266,0.3201320132,-0.3201320132
IPUSDT,1,10000,0.02,75,25,0.4974489796,0.7448979592,0.4779411765,-1.205882353,0.3273809524,0.4047619048,0.3145424837,-0.8790849673
IPUSDT,1,100000,0.0333,1155,15,0.4947243199,0.4724319851,0.4628375109,-2.716248911,0.3223164718,-0.1016861488,0.3015419852,-2.179134811
JASMYUSDT,1,1000,0.01,0,75,0.4949494949,0.4949494949,0.4851485149,-0.4851485149,0.3265993266,0.3265993266,0.3201320132,-0.3201320132
JASMYUSDT,1,10000,0.02,75,25,0.4974489796,0.7448979592,0.4779411765,-1.205882353,0.3273809524,0.4047619048,0.3145424837,-0.8790849673
JASMYUSDT,1,100000,0.05,1450,10,0.4889473684,-0.1052631579,0.4423809524,-4.761904762,0.3135087719,-0.9824561404,0.2836507937,-3.968253968
JUPUSDT,1,1000,0.01,0,75,0.4949494949,0.4949494949,0.4851485149,-0.4851485149,0.3265993266,0.3265993266,0.3201320132,-0.3201320132
JUPUSDT,1,10000,0.02,75,25,0.4974489796,0.7448979592,0.4779411765,-1.205882353,0.3273809524,0.4047619048,0.3145424837,-0.8790849673
JUPUSDT,1,100000,0.0333,1155,15,0.4947243199,0.4724319851,0.4628375109,-2.716248911,0.3223164718,-0.1016861488,0.3015419852,-2.179134811
KLAYUSDT,1,1000,0.015,0,50,0.4923857868,0.2385786802,0.4778325123,-1.216748768,0.3231810491,-0.0152284264,0.3136288998,-0.9704433498
KLAYUSDT,1,10000,0.025,50,20,0.4923076923,0.2307692308,0.4682926829,-2.170731707,0.3213675214,-0.1965811966,0.3056910569,-1.764227642
KLAYUSDT,1,100000,0.05,1300,10,0.4873684211,-0.2631578947,0.440952381,-4.904761905,0.3119298246,-1.140350877,0.2822222222,-4.111111111
KSMUSDT,1,1000,0.015,0,50,0.4923857868,0.2385786802,0.4778325123,-1.216748768,0.3231810491,-0.0152284264,0.3136288998,-0.9704433498
KSMUSDT,1,10000,0.025,75,20,0.4948717949,0.4871794872,0.4707317073,-1.926829268,0.3239316239,0.05982905983,0.3081300813,-1.520325203
KSMUSDT,1,100000,0.1,3825,5,0.4869444444,-0.3055555556,0.3984090909,-9.159090909,0.3017592593,-2.157407407,0.2468939394,-7.643939394
LABUSDT,1,1000,0.05,0,10,0.4736842105,-1.631578947,0.4285714286,-6.142857143,0.298245614,-2.50877193,0.2698412698,-5.349206349
LABUSDT,1,10000,0.1,500,5,0.5,1,0.4090909091,-8.090909091,0.3148148148,-0.8518518519,0.2575757576,-6.575757576
LABUSDT,1,100000,0.1667,4919,3,0.4590063603,-3.099363975,0.3278392046,-16.21607954,0.2589983599,-6.43349734,0.1849861433,-13.83471901
LAYERUSDT,1,1000,0.015,0,50,0.4923857868,0.2385786802,0.4778325123,-1.216748768,0.3231810491,-0.0152284264,0.3136288998,-0.9704433498
LAYERUSDT,1,10000,0.05,300,10,0.5052631579,1.526315789,0.4571428571,-3.285714286,0.3298245614,0.649122807,0.2984126984,-2.492063492
LAYERUSDT,1,100000,0.125,2550,4,0.4577142857,-3.228571429,0.356,-13.4,0.2672380952,-5.60952381,0.2078518519,-11.54814815
LIGHTUSDT,1,1000,0.05,0,10,0.4736842105,-1.631578947,0.4285714286,-6.142857143,0.298245614,-2.50877193,0.2698412698,-5.349206349
LIGHTUSDT,1,10000,0.1,500,5,0.5,1,0.4090909091,-8.090909091,0.3148148148,-0.8518518519,0.2575757576,-6.575757576
LIGHTUSDT,1,100000,0.1667,4919,3,0.4590063603,-3.099363975,0.3278392046,-16.21607954,0.2589983599,-6.43349734,0.1849861433,-13.83471901
LINEAUSDT,1,1000,0.015,0,50,0.4923857868,0.2385786802,0.4778325123,-1.216748768,0.3231810491,-0.0152284264,0.3136288998,-0.9704433498
LINEAUSDT,1,10000,0.025,75,20,0.4948717949,0.4871794872,0.4707317073,-1.926829268,0.3239316239,0.05982905983,0.3081300813,-1.520325203
LINEAUSDT,1,100000,0.1,3825,5,0.4869444444,-0.3055555556,0.3984090909,-9.159090909,0.3017592593,-2.157407407,0.2468939394,-7.643939394
LPTUSDT,1,1000,0.01,0,75,0.4949494949,0.4949494949,0.4851485149,-0.4851485149,0.3265993266,0.3265993266,0.3201320132,-0.3201320132
LPTUSDT,1,10000,0.02,75,25,0.4974489796,0.7448979592,0.4779411765,-1.205882353,0.3273809524,0.4047619048,0.3145424837,-0.8790849673
LPTUSDT,1,100000,0.05,1450,10,0.4889473684,-0.1052631579,0.4423809524,-4.761904762,0.3135087719,-0.9824561404,0.2836507937,-3.968253968
LQTYUSDT,1,1000,0.015,0,50,0.4923857868,0.2385786802,0.4778325123,-1.216748768,0.3231810491,-0.0152284264,0.3136288998,-0.9704433498
LQTYUSDT,1,10000,0.025,75,20,0.4948717949,0.4871794872,0.4707317073,-1.926829268,0.3239316239,0.05982905983,0.3081300813,-1.520325203
LQTYUSDT,1,100000,0.1,3825,5,0.4869444444,-0.3055555556,0.3984090909,-9.159090909,0.3017592593,-2.157407407,0.2468939394,-7.643939394
LRCUSDT,1,1000,0.03,0,20,0.4845360825,-0.5463917526,0.4563106796,-3.368932039,0.3127147766,-1.06185567,0.2944983819,-2.883495146
LRCUSDT,1,10000,0.05,200,10,0.4947368421,0.4736842105,0.4476190476,-4.238095238,0.3192982456,-0.4035087719,0.2888888889,-3.444444444
LRCUSDT,1,100000,0.125,3200,4,0.4651428571,-2.485714286,0.3617777778,-12.82222222,0.2746666667,-4.866666667,0.2136296296,-10.97037037
LUNA2USDT,1,1000,0.015,0,50,0.4923857868,0.2385786802,0.4778325123,-1.216748768,0.3231810491,-0.0152284264,0.3136288998,-0.9704433498
LUNA2USDT,1,10000,0.025,75,20,0.4948717949,0.4871794872,0.4707317073,-1.926829268,0.3239316239,0.05982905983,0.3081300813,-1.520325203
LUNA2USDT,1,100000,0.1,3825,5,0.4869444444,-0.3055555556,0.3984090909,-9.159090909,0.3017592593,-2.157407407,0.2468939394,-7.643939394
MEWUSDT,1,1000,0.015,0,50,0.4923857868,0.2385786802,0.4778325123,-1.216748768,0.3231810491,-0.0152284264,0.3136288998,-0.9704433498
MEWUSDT,1,10000,0.025,75,20,0.4948717949,0.4871794872,0.4707317073,-1.926829268,0.3239316239,0.05982905983,0.3081300813,-1.520325203
MEWUSDT,1,100000,0.1,3825,5,0.4869444444,-0.3055555556,0.3984090909,-9.159090909,0.3017592593,-2.157407407,0.2468939394,-7.643939394
NEIROETHUSDT,1,1000,0.1,0,5,0.4444444444,-4.555555556,0.3636363636,-12.63636364,0.2592592593,-6.407407407,0.2121212121,-11.12121212
NEIROETHUSDT,1,10000,0.1,0,5,0.4444444444,-4.555555556,0.3636363636,-12.63636364,0.2592592593,-6.407407407,0.2121212121,-11.12121212
NEIROETHUSDT,1,100000,0.1667,5420,3,0.4650186007,-2.498139926,0.3321333676,-15.78666324,0.2650106004,-5.832273291,0.1892803063,-13.40530271
NEOUSDT,1,1000,0.01,0,75,0.4949494949,0.4949494949,0.4851485149,-0.4851485149,0.3265993266,0.3265993266,0.3201320132,-0.3201320132
NEOUSDT,1,10000,0.02,75,25,0.4974489796,0.7448979592,0.4779411765,-1.205882353,0.3273809524,0.4047619048,0.3145424837,-0.8790849673
NEOUSDT,1,100000,0.05,1450,10,0.4889473684,-0.1052631579,0.4423809524,-4.761904762,0.3135087719,-0.9824561404,0.2836507937,-3.968253968
OCEANUSDT,1,1000,0.02,0,25,0.4897959184,-0.02040816327,0.4705882353,-1.941176471,0.3197278912,-0.3605442177,0.3071895425,-1.614379085
OCEANUSDT,1,10000,0.025,25,20,0.4897435897,-0.02564102564,0.4658536585,-2.414634146,0.3188034188,-0.452991453,0.3032520325,-2.008130081
OCEANUSDT,1,100000,0.05,650,10,0.4805263158,-0.9473684211,0.4347619048,-5.523809524,0.3050877193,-1.824561404,0.276031746,-4.73015873
OMUSDT,1,1000,0.03,0,20,0.4845360825,-0.5463917526,0.4563106796,-3.368932039,0.3127147766,-1.06185567,0.2944983819,-2.883495146
OMUSDT,1,10000,0.05,40,10,0.4778947368,-1.210526316,0.4323809524,-5.761904762,0.3024561404,-2.087719298,0.2736507937,-4.968253968
OMUSDT,1,100000,0.125,2290,4,0.4547428571,-3.525714286,0.3536888889,-13.63111111,0.2642666667,-5.906666667,0.2055407407,-11.77925926
ONEUSDT,1,1000,0.015,0,50,0.4923857868,0.2385786802,0.4778325123,-1.216748768,0.3231810491,-0.0152284264,0.3136288998,-0.9704433498
ONEUSDT,1,10000,0.025,75,20,0.4948717949,0.4871794872,0.4707317073,-1.926829268,0.3239316239,0.05982905983,0.3081300813,-1.520325203
ONEUSDT,1,100000,0.1,3825,5,0.4869444444,-0.3055555556,0.3984090909,-9.159090909,0.3017592593,-2.157407407,0.2468939394,-7.643939394
ONGUSDT,1,1000,0.015,0,50,0.4923857868,0.2385786802,0.4778325123,-1.216748768,0.3231810491,-0.0152284264,0.3136288998,-0.9704433498
ONGUSDT,1,10000,0.05,300,10,0.5052631579,1.526315789,0.4571428571,-3.285714286,0.3298245614,0.649122807,0.2984126984,-2.492063492
ONGUSDT,1,100000,0.125,2550,4,0.4577142857,-3.228571429,0.356,-13.4,0.2672380952,-5.60952381,0.2078518519,-11.54814815
PERPUSDT,1,1000,0.05,0,10,0.4736842105,-1.631578947,0.4285714286,-6.142857143,0.298245614,-2.50877193,0.2698412698,-5.349206349
PERPUSDT,1,10000,0.1,500,5,0.5,1,0.4090909091,-8.090909091,0.3148148148,-0.8518518519,0.2575757576,-6.575757576
PERPUSDT,1,100000,0.1667,5920,3,0.4710188408,-1.898115925,0.3364189595,-15.35810405,0.2710108404,-5.23224929,0.1935658981,-12.97674352
PIXELUSDT,1,1000,0.015,0,50,0.4923857868,0.2385786802,0.4778325123,-1.216748768,0.3231810491,-0.0152284264,0.3136288998,-0.9704433498
PIXELUSDT,1,10000,0.025,75,20,0.4948717949,0.4871794872,0.4707317073,-1.926829268,0.3239316239,0.05982905983,0.3081300813,-1.520325203
PIXELUSDT,1,100000,0.1,3825,5,0.4869444444,-0.3055555556,0.3984090909,-9.159090909,0.3017592593,-2.157407407,0.2468939394,-7.643939394
POPCATUSDT,1,1000,0.015,0,50,0.4923857868,0.2385786802,0.4778325123,-1.216748768,0.3231810491,-0.0152284264,0.3136288998,-0.9704433498
POPCATUSDT,1,10000,0.05,300,10,0.5052631579,1.526315789,0.4571428571,-3.285714286,0.3298245614,0.649122807,0.2984126984,-2.492063492
POPCATUSDT,1,100000,0.125,2550,4,0.4577142857,-3.228571429,0.356,-13.4,0.2672380952,-5.60952381,0.2078518519,-11.54814815
POWERUSDT,1,1000,0.025,0,20,0.4871794872,-0.2820512821,0.4634146341,-2.658536585,0.3162393162,-0.7094017094,0.3008130081,-2.25203252
POWERUSDT,1,10000,0.1,625,5,0.5138888889,2.388888889,0.4204545455,-6.954545455,0.3287037037,0.537037037,0.2689393939,-5.439393939
POWERUSDT,1,100000,0.1667,6045,3,0.4725189008,-1.748109924,0.3374903574,-15.25096426,0.2725109004,-5.08224329,0.1946372961,-12.86960373
RAREUSDT,1,1000,0.015,0,50,0.4923857868,0.2385786802,0.4778325123,-1.216748768,0.3231810491,-0.0152284264,0.3136288998,-0.9704433498
RAREUSDT,1,10000,0.05,300,10,0.5052631579,1.526315789,0.4571428571,-3.285714286,0.3298245614,0.649122807,0.2984126984,-2.492063492
RAREUSDT,1,100000,0.125,2550,4,0.4577142857,-3.228571429,0.356,-13.4,0.2672380952,-5.60952381,0.2078518519,-11.54814815
RAVEUSDT,1,1000,0.04,0,20,0.4791666667,-1.083333333,0.4423076923,-4.769230769,0.3055555556,-1.777777778,0.2820512821,-4.128205128
RAVEUSDT,1,10000,0.1,550,5,0.5055555556,1.555555556,0.4136363636,-7.636363636,0.3203703704,-0.2962962963,0.2621212121,-6.121212121
RAVEUSDT,1,100000,0.1667,5970,3,0.4716188648,-1.838113525,0.3368475186,-15.31524814,0.2716108644,-5.17224689,0.1939944573,-12.9338876
RSRUSDT,1,1000,0.01,0,75,0.4949494949,0.4949494949,0.4851485149,-0.4851485149,0.3265993266,0.3265993266,0.3201320132,-0.3201320132
RSRUSDT,1,10000,0.02,75,25,0.4974489796,0.7448979592,0.4779411765,-1.205882353,0.3273809524,0.4047619048,0.3145424837,-0.8790849673
RSRUSDT,1,100000,0.05,1450,10,0.4889473684,-0.1052631579,0.4423809524,-4.761904762,0.3135087719,-0.9824561404,0.2836507937,-3.968253968
RVNUSDT,1,1000,0.01,0,75,0.4949494949,0.4949494949,0.4851485149,-0.4851485149,0.3265993266,0.3265993266,0.3201320132,-0.3201320132
RVNUSDT,1,10000,0.02,75,25,0.4974489796,0.7448979592,0.4779411765,-1.205882353,0.3273809524,0.4047619048,0.3145424837,-0.8790849673
RVNUSDT,1,100000,0.05,1450,10,0.4889473684,-0.1052631579,0.4423809524,-4.761904762,0.3135087719,-0.9824561404,0.2836507937,-3.968253968
SKYAIUSDT,1,1000,0.05,0,10,0.4736842105,-1.631578947,0.4285714286,-6.142857143,0.298245614,-2.50877193,0.2698412698,-5.349206349
SKYAIUSDT,1,10000,0.1,500,5,0.5,1,0.4090909091,-8.090909091,0.3148148148,-0.8518518519,0.2575757576,-6.575757576
SKYAIUSDT,1,100000,0.1667,4919,3,0.4590063603,-3.099363975,0.3278392046,-16.21607954,0.2589983599,-6.43349734,0.1849861433,-13.83471901
SOMIUSDT,1,1000,0.015,0,50,0.4923857868,0.2385786802,0.4778325123,-1.216748768,0.3231810491,-0.0152284264,0.3136288998,-0.9704433498
SOMIUSDT,1,10000,0.05,300,10,0.5052631579,1.526315789,0.4571428571,-3.285714286,0.3298245614,0.649122807,0.2984126984,-2.492063492
SOMIUSDT,1,100000,0.125,2550,4,0.4577142857,-3.228571429,0.356,-13.4,0.2672380952,-5.60952381,0.2078518519,-11.54814815
SPKUSDT,1,1000,0.015,0,50,0.4923857868,0.2385786802,0.4778325123,-1.216748768,0.3231810491,-0.0152284264,0.3136288998,-0.9704433498
SPKUSDT,1,10000,0.025,75,20,0.4948717949,0.4871794872,0.4707317073,-1.926829268,0.3239316239,0.05982905983,0.3081300813,-1.520325203
SPKUSDT,1,100000,0.1,3825,5,0.4869444444,-0.3055555556,0.3984090909,-9.159090909,0.3017592593,-2.157407407,0.2468939394,-7.643939394
STOUSDT,1,1000,0.02,0,25,0.4897959184,-0.02040816327,0.4705882353,-1.941176471,0.3197278912,-0.3605442177,0.3071895425,-1.614379085
STOUSDT,1,10000,0.05,275,10,0.5026315789,1.263157895,0.4547619048,-3.523809524,0.3271929825,0.3859649123,0.296031746,-2.73015873
STOUSDT,1,100000,0.1667,6695,3,0.4803192128,-0.9680787231,0.3430616268,-14.69383732,0.2803112124,-4.302212088,0.2002085655,-12.31247679
STXUSDT,1,1000,0.01,0,75,0.4949494949,0.4949494949,0.4851485149,-0.4851485149,0.3265993266,0.3265993266,0.3201320132,-0.3201320132
STXUSDT,1,10000,0.02,75,25,0.4974489796,0.7448979592,0.4779411765,-1.205882353,0.3273809524,0.4047619048,0.3145424837,-0.8790849673
STXUSDT,1,100000,0.0333,1155,15,0.4947243199,0.4724319851,0.4628375109,-2.716248911,0.3223164718,-0.1016861488,0.3015419852,-2.179134811
TNSRUSDT,1,1000,0.015,0,50,0.4923857868,0.2385786802,0.4778325123,-1.216748768,0.3231810491,-0.0152284264,0.3136288998,-0.9704433498
TNSRUSDT,1,10000,0.05,300,10,0.5052631579,1.526315789,0.4571428571,-3.285714286,0.3298245614,0.649122807,0.2984126984,-2.492063492
TNSRUSDT,1,100000,0.125,2550,4,0.4577142857,-3.228571429,0.356,-13.4,0.2672380952,-5.60952381,0.2078518519,-11.54814815
TURBOUSDT,1,1000,0.01,0,75,0.4949494949,0.4949494949,0.4851485149,-0.4851485149,0.3265993266,0.3265993266,0.3201320132,-0.3201320132
TURBOUSDT,1,10000,0.02,75,25,0.4974489796,0.7448979592,0.4779411765,-1.205882353,0.3273809524,0.4047619048,0.3145424837,-0.8790849673
TURBOUSDT,1,100000,0.05,1450,10,0.4889473684,-0.1052631579,0.4423809524,-4.761904762,0.3135087719,-0.9824561404,0.2836507937,-3.968253968
UMAUSDT,1,1000,0.015,0,50,0.4923857868,0.2385786802,0.4778325123,-1.216748768,0.3231810491,-0.0152284264,0.3136288998,-0.9704433498
UMAUSDT,1,10000,0.025,75,20,0.4948717949,0.4871794872,0.4707317073,-1.926829268,0.3239316239,0.05982905983,0.3081300813,-1.520325203
UMAUSDT,1,100000,0.1,3825,5,0.4869444444,-0.3055555556,0.3984090909,-9.159090909,0.3017592593,-2.157407407,0.2468939394,-7.643939394
UXLINKUSDT,1,1000,0.1,0,5,0.4444444444,-4.555555556,0.3636363636,-12.63636364,0.2592592593,-6.407407407,0.2121212121,-11.12121212
UXLINKUSDT,1,10000,0.1,0,5,0.4444444444,-4.555555556,0.3636363636,-12.63636364,0.2592592593,-6.407407407,0.2121212121,-11.12121212
UXLINKUSDT,1,100000,0.1667,5420,3,0.4650186007,-2.498139926,0.3321333676,-15.78666324,0.2650106004,-5.832273291,0.1892803063,-13.40530271
VIRTUALUSDT,1,1000,0.01,0,75,0.4949494949,0.4949494949,0.4851485149,-0.4851485149,0.3265993266,0.3265993266,0.3201320132,-0.3201320132
VIRTUALUSDT,1,10000,0.02,75,25,0.4974489796,0.7448979592,0.4779411765,-1.205882353,0.3273809524,0.4047619048,0.3145424837,-0.8790849673
VIRTUALUSDT,1,100000,0.0333,1155,15,0.4947243199,0.4724319851,0.4628375109,-2.716248911,0.3223164718,-0.1016861488,0.3015419852,-2.179134811
VOXELUSDT,1,1000,0.05,0,10,0.4736842105,-1.631578947,0.4285714286,-6.142857143,0.298245614,-2.50877193,0.2698412698,-5.349206349
VOXELUSDT,1,10000,0.1,500,5,0.5,1,0.4090909091,-8.090909091,0.3148148148,-0.8518518519,0.2575757576,-6.575757576
VOXELUSDT,1,100000,0.1667,5920,3,0.4710188408,-1.898115925,0.3364189595,-15.35810405,0.2710108404,-5.23224929,0.1935658981,-12.97674352
WCTUSDT,1,1000,0.015,0,50,0.4923857868,0.2385786802,0.4778325123,-1.216748768,0.3231810491,-0.0152284264,0.3136288998,-0.9704433498
WCTUSDT,1,10000,0.025,75,20,0.4948717949,0.4871794872,0.4707317073,-1.926829268,0.3239316239,0.05982905983,0.3081300813,-1.520325203
WCTUSDT,1,100000,0.1,3825,5,0.4869444444,-0.3055555556,0.3984090909,-9.159090909,0.3017592593,-2.157407407,0.2468939394,-7.643939394
WLFIUSDT,1,1000,0.01,0,75,0.4949494949,0.4949494949,0.4851485149,-0.4851485149,0.3265993266,0.3265993266,0.3201320132,-0.3201320132
WLFIUSDT,1,10000,0.01,0,75,0.4949494949,0.4949494949,0.4851485149,-0.4851485149,0.3265993266,0.3265993266,0.3201320132,-0.3201320132
WLFIUSDT,1,100000,0.015,100,50,0.4934010152,0.3401015228,0.478817734,-1.118226601,0.3241962775,0.08629441624,0.3146141215,-0.8719211823
XMRUSDT,1,1000,0.01,0,75,0.4949494949,0.4949494949,0.4851485149,-0.4851485149,0.3265993266,0.3265993266,0.3201320132,-0.3201320132
XMRUSDT,1,10000,0.02,75,25,0.4974489796,0.7448979592,0.4779411765,-1.205882353,0.3273809524,0.4047619048,0.3145424837,-0.8790849673
XMRUSDT,1,100000,0.0333,1155,15,0.4947243199,0.4724319851,0.4628375109,-2.716248911,0.3223164718,-0.1016861488,0.3015419852,-2.179134811
XTZUSDT,1,1000,0.01,0,75,0.4949494949,0.4949494949,0.4851485149,-0.4851485149,0.3265993266,0.3265993266,0.3201320132,-0.3201320132
XTZUSDT,1,10000,0.02,75,25,0.4974489796,0.7448979592,0.4779411765,-1.205882353,0.3273809524,0.4047619048,0.3145424837,-0.8790849673
XTZUSDT,1,100000,0.0333,1155,15,0.4947243199,0.4724319851,0.4628375109,-2.716248911,0.3223164718,-0.1016861488,0.3015419852,-2.179134811
YFIUSDT,1,1000,0.01,0,75,0.4949494949,0.4949494949,0.4851485149,-0.4851485149,0.3265993266,0.3265993266,0.3201320132,-0.3201320132
YFIUSDT,1,10000,0.02,75,25,0.4974489796,0.7448979592,0.4779411765,-1.205882353,0.3273809524,0.4047619048,0.3145424837,-0.8790849673
YFIUSDT,1,100000,0.05,1450,10,0.4889473684,-0.1052631579,0.4423809524,-4.761904762,0.3135087719,-0.9824561404,0.2836507937,-3.968253968
ZROUSDT,1,1000,0.01,0,75,0.4949494949,0.4949494949,0.4851485149,-0.4851485149,0.3265993266,0.3265993266,0.3201320132,-0.3201320132
ZROUSDT,1,10000,0.02,75,25,0.4974489796,0.7448979592,0.4779411765,-1.205882353,0.3273809524,0.4047619048,0.3145424837,-0.8790849673
ZROUSDT,1,100000,0.05,1450,10,0.4889473684,-0.1052631579,0.4423809524,-4.761904762,0.3135087719,-0.9824561404,0.2836507937,-3.968253968
