symbol,wariant,n,zgodne_0_5pb,zgodne_0_05pb,sredni_blad,mediana_abs_bledu
EURUSDUSDT,wzor_I,41,0.04878048780487805,0.0,8.410493902439023e-05,0.0001
EURUSDUSDT,wzor_0,41,0.9024390243902439,0.8536585365853658,-3.6999390243902484e-06,0.0
EURUSDUSDT,waz_I,41,0.14634146341463414,0.14634146341463414,8.550923623083686e-05,0.0001
EURUSDUSDT,waz_0,41,1.0,1.0,1.4338257230026708e-07,0.0
EURUSDUSDT,twap_I,41,0.04878048780487805,0.0,9.891895020325206e-05,0.00010000000000000003
EURUSDUSDT,twap_0,41,0.8536585365853658,0.7317073170731707,1.2545391768292675e-05,0.0
USDJPYUSDT,wzor_I,41,0.024390243902439025,0.0,9.725508485772358e-05,0.0001
USDJPYUSDT,wzor_0,41,1.0,0.975609756097561,-3.0589075203252175e-07,0.0
USDJPYUSDT,waz_I,41,0.024390243902439025,0.024390243902439025,9.750596180044962e-05,0.0001
USDJPYUSDT,waz_0,41,1.0,1.0,-5.501380930649221e-08,0.0
USDJPYUSDT,twap_I,41,0.04878048780487805,0.0,8.789734502032523e-05,0.00010000000000000003
USDJPYUSDT,twap_0,41,0.926829268292683,0.8292682926829268,-8.602244918699184e-06,0.0
XAUUSDT,wzor_I,83,0.6144578313253012,0.10843373493975904,2.0869944779116475e-05,3.1026666666666666e-05
XAUUSDT,wzor_0,83,0.9397590361445783,0.4578313253012048,-5.386947791164755e-08,6.74933333333336e-06
XAUUSDT,waz_I,83,0.6746987951807228,0.5301204819277109,2.108451622673266e-05,1.4992261410789196e-06
XAUUSDT,waz_0,83,1.0,1.0,2.4758693695944413e-07,2.0762482710932981e-07
XAUUSDT,twap_I,83,0.5542168674698795,0.04819277108433735,3.4619087349397594e-05,3.9751708333333346e-05
XAUUSDT,twap_0,83,0.9397590361445783,0.37349397590361444,1.1249335341365453e-05,1.2000124999999982e-05
BTCUSDT,wzor_I,41,1.0,0.34146341463414637,1.8256529471544925e-06,7.586020833333408e-06
BTCUSDT,wzor_0,41,0.5609756097560976,0.024390243902439025,-4.825949898373984e-05,4.674e-05
BTCUSDT,waz_I,41,1.0,1.0,-1.9900294525289673e-08,1.939401420650717e-07
BTCUSDT,waz_0,41,0.5609756097560976,0.12195121951219512,-4.82412070571979e-05,4.674e-05
BTCUSDT,twap_I,41,1.0,0.21951219512195122,-1.1916484756097551e-05,1.4093020833333318e-05
BTCUSDT,twap_0,41,0.34146341463414637,0.0,-6.16607174796748e-05,6.0378333333333324e-05
