gielda,symbol,klasa,kalendarz,godzin,n_godz_otw,niezm_otw,n_godz_zam,niezm_zam,bazis_med_otw,bazis_p95_otw,bazis_med_zam,bazis_p95_zam,p95_zam_do_otw,weekend_n,weekend_beta,weekend_r2,weekend_alfa,noc_n,noc_beta,noc_r2,noc_alfa,f_T_otw_n,f_T_otw_rok,f_T_zam_n,f_T_zam_rok,f_prz_otw_n,f_prz_otw_rok,f_prz_czesc_n,f_prz_czesc_rok,f_prz_zam_n,f_prz_zam_rok
bybit,BTCUSDT,BTC_kontrola,akcje_usa,7242,1240,0.0,5795,0.0,0.00048095028766759196,0.0006332548924847913,0.00047968341112458734,0.0006192286087282617,0.9778504928694782,45,1.0301742211138547,0.9149336982441002,-0.0004220412006298818,161,1.0629370949562782,0.8460803966205743,-0.0007522669560395156,207,2.7172663043478265,699,2.439625536480687,0,,413,2.4424359443099273,493,2.5538465111561868
bybit,BZUSDT,surowce,surowce,3322,2264,0.0,1058,0.006616257088846881,0.0006700327841305809,0.0027183611051510514,0.0004952966444203843,0.002100612761091774,0.7727497119905449,20,0.8286311380844182,0.8526274033398026,-0.0017576769143951205,0,,,,296,-22.816256047297294,120,-15.674030749999998,198,-25.05044219696969,118,-16.930704406779657,100,-16.76684805
bybit,CLUSDT,surowce,surowce,4523,3093,0.0,1430,0.0,0.0007286792943574927,0.002344053929737011,0.0006502488270943574,0.0031235035269122384,1.3325220411045224,27,0.9283451986030923,0.8399271006045228,0.00048442565091202407,0,,,,733,-30.284011656250794,278,44.40612713680513,600,-29.222275972590626,159,-42.25869334701298,252,57.13976438781523
bybit,EURUSDUSDT,waluty,waluty,489,345,0.0,144,0.0,0.0007256594468858513,0.0019446805430004765,0.0005801161629005458,0.0017677530212029668,0.9090197500898911,3,0.10294368276311713,0.5526794021071096,-0.0005399042542638562,0,,,,44,2.460365454545455,18,-13.852358333333331,41,2.2056771951219516,6,2.9705525,15,-16.62283
bybit,EWJUSDT,ETF,akcje_usa,3466,592,0.0,2775,0.014054054054054054,0.0005820703988833054,0.002215345689646048,0.0007600434310532922,0.0029450706580918086,1.3293955303934308,21,0.868410787203832,0.8136085514457093,-6.083034397861642e-05,77,0.9834518508818139,0.8832222610049575,0.001139922990100655,99,0.9786756060606061,335,0.8055506417910449,0,,197,1.4767436802030458,237,0.31995715189873414
bybit,EWYUSDT,ETF,akcje_usa,3466,592,0.0,2775,0.001081081081081081,0.00043351686885279017,0.0017277268622509147,0.00055723241235206,0.0029493758075054928,1.7070845351463664,21,1.00570765254176,0.8835057284769512,-0.002849586837287207,77,0.9476747997106085,0.8396182851681545,0.001030932429399914,99,0.1914148484848486,335,8.477182746268657,0,,197,3.462228807106599,237,9.18458740506329
bybit,EWZUSDT,ETF,akcje_usa,681,118,0.0,543,0.01841620626151013,0.0010478140827859805,0.002890227564333935,0.001050144394854291,0.004104451916268802,1.4201137539890187,4,1.0755549475437356,0.9155922139756748,0.0031841241929283243,15,0.6616410288938086,0.26106022307606863,-0.0005269413202969497,20,0.0,66,0.134685,0,,39,0.22792846153846155,47,0.0
bybit,GBPUSDUSDT,waluty,waluty,489,345,0.0,144,0.0,0.0006291123594673875,0.0020650561413392055,0.0005304545013133932,0.002074798880626638,1.0047179052871242,3,-0.16904390084308657,0.413333745082525,-0.00039751826592097423,0,,,,44,0.0,18,0.0,41,0.0,6,0.0,15,0.0
bybit,GDXUSDT,ETF,akcje_usa,1520,268,0.0,1207,0.07870753935376967,0.0015179251635432656,0.005141121918755486,0.0011341375399525067,0.010554638389038284,2.0529834841172665,9,0.8934985210231945,0.6912050453881068,-0.005163088473678532,35,1.1156955744822195,0.8374614536723478,-0.0019529353666524188,45,-6.600976333333334,146,-5.0237925,0,,89,-10.358466235955056,102,-1.064844558823529
bybit,IWMUSDT,ETF,akcje_usa,3298,562,0.0,2642,0.0,0.0010536576856599589,0.005091541971763204,0.0011589426558639149,0.0072241757022384594,1.4188581263402062,20,0.9210404217595758,0.6898806064867788,0.0004992899172370226,73,1.0378985620258294,0.6121628227003962,-0.000570281477082513,94,-24.96481180851064,319,-31.642239028213165,0,,187,-31.12497096256685,226,-29.29290703539823
bybit,MSTRUSDT,akcje,akcje_usa,3658,628,0.0,2925,0.0013675213675213675,0.000518242796384849,0.0014795419118186208,0.0007021924007177827,0.0031412716167198824,2.123137973738574,22,1.0029863575289664,0.8002057356919068,-0.0007074819423704814,82,1.0870867866537146,0.5751407613469147,-0.0014493649980251815,105,3.8373492857142857,353,18.007979150141644,0,,209,6.117890741626794,249,22.01244638554217
bybit,MUUSDT,akcje,akcje_usa,3466,592,0.0,2775,0.0,0.000537359719322783,0.001747735265454836,0.0005429765977087442,0.0032133094640770022,1.8385561747194936,21,1.0495431701712494,0.7430689577863967,-0.006493253586526216,77,0.85029415089883,0.6182046104319635,-0.0001192079690745453,99,8.477224545454547,335,18.709882567164176,0,,197,8.097063654822337,237,23.257106962025315
bybit,NVDAUSDT,akcje,akcje_usa,3490,598,0.0,2792,0.0,0.000552842871128334,0.0013336824380574262,0.0005570466399960061,0.0018353103851311836,1.3761224807041796,21,0.7688343222223342,0.36877712111934075,-0.0015331706886957753,78,1.1366902807245693,0.6508673419174092,-0.00013491578891806238,100,7.02329715,337,11.337119866468845,0,,199,6.4292952512562795,238,13.628190567226891
bybit,QQQUSDT,ETF,akcje_usa,3466,592,0.0,2775,0.0,0.00048110783670363144,0.0012192960955790253,0.0004239054540509102,0.001381975756901432,1.1334209646961533,21,0.9529477475399936,0.8054964038963687,-0.0009704388924074081,77,0.8806188125598761,0.6602100728412652,-3.9018112642354745e-05,99,4.949311515151514,335,4.651226597014926,0,,197,5.531122918781726,237,4.044352468354431
bybit,SNDKUSDT,akcje,akcje_usa,3682,634,0.0,2942,0.0,0.0006123500098397239,0.0021746765210755694,0.0006191198381262364,0.003031896360258068,1.3941826891838276,22,0.9161223702952114,0.387353588290248,-0.011561131584165085,83,0.9317766840876865,0.5216810292543815,0.002439482121148117,106,8.081916084905659,355,12.547626591549296,0,,211,8.562085236966825,250,14.017962240000001
bybit,SPCXUSDT,akcje,akcje_usa,2529,436,0.0,2020,0.0,0.0006174089833277385,0.0014742039561184694,0.0005447062352932353,0.0014595447739073728,0.9900562048078518,15,1.0745987980339704,0.39899767330531755,0.0002580643028642785,57,1.002532711194859,0.4388608005290773,-0.0024602968192082614,75,7.989740742710996,302,4.584812274859844,0,,150,6.624409831202045,227,4.362036951677051
bybit,SPYUSDT,ETF,akcje_usa,3297,562,0.0,2641,0.0,0.0003905713674889344,0.001135939356360587,0.0003819961273495709,0.0012097685486767151,1.064993955797665,20,0.8845405737276236,0.8203436309598365,-0.00021489206719998814,73,0.8944713218679926,0.7097684366976553,2.6175261560860237e-05,94,-1.2726695744680852,319,-0.33807695924764897,0,,187,-0.7932367379679145,226,-0.35018681415929204
bybit,TBTUSDT,ETF_oblig,akcje_usa,1473,256,0.0,1174,0.014480408858603067,0.001777552515372871,0.005092756073214966,0.0024512811256220957,0.007360148621074332,1.4452191534922665,9,1.0918208259365199,0.5043611611224669,0.0030504031659244935,33,0.8878152359495048,0.636526143501884,-8.112385508540385e-05,43,-11.75319523255814,142,-13.055376549295774,0,,85,-15.742711941176468,100,-10.2112035
bybit,TLTUSDT,ETF_oblig,akcje_usa,248,40,0.0,201,0.0945273631840796,0.0033542667860306796,0.00714151072403092,0.0,0.00531982267257769,0.7449155897332316,2,,,,4,0.49227246173857003,0.43428407226135696,-0.0014876418128373446,7,68.15467714285714,25,14.1637374,0,,13,49.55852076923077,19,9.837652894736841
bybit,TMFUSDT,ETF_oblig,akcje_usa,1473,256,0.0,1174,0.02555366269165247,0.0020604483078898728,0.005537089031790676,0.0021911519437215476,0.006036802525949114,1.0902484123497707,9,1.058247463387215,0.9338958124471948,-0.0024293983824079973,33,1.1250896443883498,0.739751697028359,-0.0003506570649521851,43,4.566379186046511,142,4.626683450704226,0,,85,5.199214588235293,100,4.11410115
bybit,USDJPYUSDT,waluty,waluty,489,345,0.0,144,0.0,0.0012208304190246544,0.0028483258317698163,0.00111852541854085,0.0026435373395943588,0.9281021539420539,3,0.11016174541141249,0.07779391761361006,-0.00025331078484316596,0,,,,44,-0.07747125,18,0.0,41,-0.0831398780487805,6,0.0,15,0.0
bybit,XAGUSDT,surowce,surowce,4888,3351,0.0,1537,0.00520494469746259,0.0005189413596264902,0.0009648744814207966,0.0004044762033167393,0.0018435131575620372,1.910624846091305,29,1.0033123797759418,0.45250452065714974,0.000597805863820106,0,,,,875,7.243961862857143,348,10.398145172413795,729,7.738498683127572,175,6.072369428571429,319,10.197463824451413
bybit,XAUUSDT,surowce,surowce,4888,3351,0.0,1537,0.0,0.0004123274386633735,0.00078604768315782,0.0004380111085120486,0.0011577904646875574,1.4729265024181748,29,1.0578507490523947,0.635136034757511,-0.0011007525831197614,0,,,,875,5.554876182857143,348,0.24248586206896613,729,5.575046049382715,175,5.458556228571429,319,-0.2337121316614408
bybit,XLEUSDT,ETF,akcje_usa,1810,316,0.0,1441,0.006245662734212352,0.0007258424220879522,0.0028822319356088255,0.000783085356303781,0.0027289783387343114,0.9468281525226588,11,0.9217831195881787,0.7447981165063664,0.002673618320393502,41,0.9270932127780875,0.5480896582209944,0.00041457790123297146,53,-0.587932358490566,174,-0.8444904310344827,0,,105,-0.29676585714285714,122,-1.2044371721311478
binance,BTCUSDT,BTC_kontrola,akcje_usa,7242,1240,0.0,5795,0.0,0.0004637186848600594,0.0007128615555451078,0.000466594967025058,0.0006600934085008836,0.9259770054455051,45,1.0312085905757866,0.9160677742231244,-0.0004842798933493253,161,1.0646642742681547,0.8454839199527966,-0.0007723366993441905,207,3.1177665216195107,699,3.1401059655447594,0,,413,3.03453134370924,493,3.2191689552517437
binance,BZUSDT,surowce,surowce,4329,2953,0.0077886894683372844,1376,0.19404069767441862,0.000718833436023969,0.0036267604728967176,0.0006412274726754208,0.006257552113613646,1.7253833442757518,26,0.79162410038365,0.8801134181462003,-0.0010698778690252687,0,,,,776,-46.59980069415742,312,33.41587218280422,647,-53.797774453420246,155,-7.896163239237469,286,35.9978047406065
binance,CLUSDT,surowce,surowce,4329,2953,0.0077886894683372844,1376,0.19404069767441862,0.0007478218246121937,0.0037059278991259607,0.0006705276350351674,0.006087134133676675,1.642539817116334,26,0.8968549436360657,0.8680050959037797,-9.838451546027253e-05,0,,,,776,-49.02440340903593,312,24.604567490210524,647,-55.470986041213486,155,-14.398917460359414,286,27.11625240054068
binance,COPPERUSDT,surowce,surowce,4953,3368,0.007125890736342043,1585,0.3003154574132492,0.0008410918259424971,0.002130637829114733,0.00047551454867955645,0.0025749145922500105,1.2085181991347032,30,0.5404158707199577,0.30083077820465626,-0.001278077007613669,0,,,,884,14.373770806866274,360,6.411803253728353,737,16.040000768529175,177,4.141311343983762,330,7.455060273699589
binance,CRCLUSDT,akcje,akcje_usa,5548,958,0.0,4430,0.15146726862302484,0.0007844809535731967,0.0023725140641908224,0.0009293875720847167,0.003992041031927288,1.6826205973572708,33,0.8574129608829668,0.27410230528328416,0.0067155095969606655,126,1.019003023195097,0.5050174165892802,-0.003344218015635775,161,23.549138011257583,542,12.959666429248292,0,,321,24.15278341002031,382,8.017033900127025
binance,EWJUSDT,ETF,akcje_usa,4637,796,0.0,3708,0.11003236245954692,0.00044919856612413156,0.001947910431182448,0.0007267405200787613,0.003938819993899458,2.022074491129687,28,0.8433569116584005,0.8559903080256523,-0.0002363341859383675,104,0.966723116922867,0.8977038011343099,0.0009191524819750001,135,2.0575212221003074,452,-11.122651459517943,0,,269,2.0511873790606168,318,-16.671202829200862
binance,EWYUSDT,ETF,akcje_usa,4709,814,0.0,3759,0.10907156158552807,0.00052803436896115,0.0016374366298536715,0.0007834080849680181,0.0035545587359919516,2.170806900972774,28,0.9716253351974191,0.8515594623423781,-0.0018688927044378575,107,0.9419607372922137,0.8526509816594936,0.0008608004952104745,137,0.9653583941045313,462,-3.0425404543687926,0,,273,10.024364010406957,326,-12.300769830574115
binance,EWZUSDT,ETF,akcje_usa,2649,454,0.0,2119,0.0,0.0006008896486344728,0.0020941811812278275,0.0008887739444531917,0.003509102327719815,1.675644093823063,16,0.9750795511383878,0.6578225282630834,0.00011077212994330642,59,0.8821221676107354,0.4880557364039634,0.0005352657510957076,76,0.3947619078533258,256,2.8330943551715557,0,,151,1.3857623839605924,181,3.016706850512273
binance,GDXUSDT,ETF,akcje_usa,1013,178,0.0,805,0.0,0.001005736513233213,0.003826464443956013,0.0010045926479740341,0.003846899940733992,1.0053405688403187,6,0.8143440146612851,0.7413339712127114,-0.00676199793766292,23,1.0165199270712613,0.8205551120807224,-0.0003420801978500825,30,4.179578498857289,98,3.2791227542055177,0,,59,6.111603303413814,69,1.2486491300933973
binance,IWMUSDT,ETF,akcje_usa,2697,466,0.0,2153,0.0,0.0003942176525641994,0.001184709516119653,0.00039187033176413255,0.001544032106963189,1.3033001642634272,16,0.9624552184463915,0.6887876700161519,8.795063262327326e-05,61,0.8125092035981293,0.5356648688313285,0.0006696506135667556,78,-0.4480515384153742,260,0.015936461536819557,0,,155,-0.2915031290022235,183,0.07857073769682263
binance,MUUSDT,akcje,akcje_usa,4181,724,0.0,3336,0.07284172661870504,0.0007092984939774394,0.0021369780175578778,0.0006700369787756566,0.0029667091458696893,1.3882731228372773,25,1.0869180518475985,0.7058670933178361,-0.0029356090342569155,95,0.8453389010017945,0.6080572912971912,0.0008624831642096986,121,19.09027073179211,408,15.414923032279834,0,,241,15.651515901081378,288,16.761097304015298
binance,NATGASUSDT,surowce,surowce,4329,2953,0.0077886894683372844,1376,0.19404069767441862,0.0005892863395902115,0.004432939143933412,0.0004752400957444003,0.002535796351483377,0.5720350018686085,26,1.6357403444713843,0.5170173369370262,0.0013467087048240475,0,,,,776,51.352083369185266,312,19.988223203528356,647,55.98772299604572,155,27.416071640565086,286,19.62235822118688
binance,QQQUSDT,ETF,akcje_usa,4205,730,0.0,3353,0.07157769161944527,0.0005031103932237047,0.001079214703335573,0.00041177808265246973,0.0014439557876812603,1.33796897245596,25,0.9016058426678863,0.7859036088768453,-0.0004475425320197325,96,0.8838491866210663,0.6970294203736732,4.315113983193299e-05,122,6.342281957532303,428,-1.1646492065145075,0,,243,7.010825395183616,307,-4.652579910745561
binance,SKHYUSDT,akcje,akcje_usa,1923,333,0.0,1535,0.0,0.0006256036203824422,0.0019864594300738492,0.0006066665141148953,0.0022381915077399396,1.1267239964003353,12,0.7440191327906077,0.6116948450534786,-0.005859000263522939,43,0.9832897594239468,0.6646503168419473,0.0064055394407359165,56,-6.741289284738981,185,-5.656154431614124,0,,111,-7.821890809679171,130,-4.274391460920059
binance,SNDKUSDT,akcje,akcje_usa,4181,724,0.0,3336,0.07194244604316546,0.0007080196941365857,0.002147038959150133,0.0006772411491547392,0.0029107550027601126,1.355706653740593,25,0.9346698745253724,0.38023088946531886,-0.008293354010191604,95,0.9351577219086308,0.5257304692258972,0.0016035175318798523,121,13.102797148760331,403,9.732455099255583,0,,241,13.757879875518672,283,7.745472826855123
binance,SPCXUSDT,akcje,akcje_usa,2595,441,0.0,2081,0.0,0.0006252907265862362,0.001702164415212759,0.00048565691588509097,0.0018026773923525141,1.0590500989454603,16,1.2065784888709399,0.5714048388766427,0.001332819993521955,57,1.0008886655756153,0.43061019908881387,-0.0024426066592742384,80,7.888790624297649,311,3.491085337309763,0,,159,6.9262744333456085,232,2.653246357522398
binance,SPYUSDT,ETF,akcje_usa,4205,730,0.0,3353,0.07157769161944527,0.00036228442283892104,0.0009220651270623157,0.0003048693937968139,0.0011913737895686153,1.2920711938909484,25,0.7797964338780272,0.7616677776939992,0.0003668535007348851,96,0.9244795705398721,0.7833751917849768,8.199601538417037e-05,122,0.25250904671258373,428,-6.436202027051929,0,,243,0.49697422115154616,307,-9.265971008531324
binance,TBTUSDT,ETF_oblig,akcje_usa,1517,268,0.0,1204,0.0,0.0016318692846524208,0.004915675300108058,0.0014612145182485992,0.006719745065041419,1.3670034440423078,9,1.0800133040283233,0.5743279891400436,0.0023397500196502817,35,0.9054487380015526,0.5794212873383824,-0.0005784297602612679,45,-59.68986131140144,145,-43.86062522526356,0,,89,-51.09236779021585,101,-44.5407295380898
binance,TMFUSDT,ETF_oblig,akcje_usa,1517,268,0.0,1204,0.0,0.0012643518311912239,0.003198114939607488,0.0011470441197516945,0.004190621169935703,1.3103410130875495,9,1.0592133335875697,0.9096934528707777,-0.0028331395072379705,35,1.1140338738508127,0.736767273404854,0.0003589043211201141,45,3.8958639985685393,145,6.9101900664265,0,,89,4.879283088094842,101,7.356784601257287
binance,USDBRLUSDT,waluty,waluty,172,124,0.0,48,0.08333333333333333,0.0015599686348362063,0.0033284146045747696,0.0010593568876098303,0.002529824287996385,0.7600688581642578,1,,,,0,,,,19,25.096420234111104,12,2.20897999744331,17,28.048940261653588,4,6.6269399923299295,10,0.0
binance,XAGUSDT,surowce,surowce,6344,4333,0.006231248557581353,2011,0.4485330681253108,0.0006266016104807814,0.0015457331118319036,0.0004507590420146368,0.004480142017063482,2.898392990853321,38,1.0911358450638105,0.5564991496368056,0.0002698714040726851,0,,,,1130,18.40781342262245,456,28.659233660680155,942,16.713390273543098,226,23.91390859839605,418,30.43273381798664
binance,XAUUSDT,surowce,surowce,6994,4772,0.01592623637887678,2222,0.5009000900090009,0.000516281180267808,0.0013945240664911816,0.0003303983673815236,0.003401939000049966,2.439498235845956,42,1.332878033809989,0.6523044408848031,-0.0008920308792940245,0,,,,1244,11.956581955195961,504,16.198630957798763,1037,10.882541535677808,249,14.739568226648306,462,17.49512964082476
binance,XLEUSDT,ETF,akcje_usa,2649,454,0.0,2119,0.0,0.0006717624105529452,0.001658001433158751,0.0008235907402894815,0.002794036857223647,1.6851836200771984,16,1.0706378108165284,0.7957523149193896,0.002736186628018566,59,0.8302263307034289,0.45989632254242724,3.0461025017689382e-06,76,0.2056467979590285,270,-3.617856107374763,0,,151,3.25429493423376,195,-7.44918219187486
binance,XPDUSDT,surowce,surowce,5792,3942,0.006595636732623034,1850,0.40054054054054056,0.0015071514723014046,0.003709508572230423,0.0005805638673795355,0.003995844903505252,1.077189828706249,35,0.630764091113724,0.22223576202149906,0.0015642419855330717,0,,,,1027,25.970885558018963,420,5.644067329938472,856,25.55534612175421,206,27.310796894173766,385,4.003135860359064
binance,XPTUSDT,surowce,surowce,5792,3942,0.006595636732623034,1850,0.40054054054054056,0.0009695577025161661,0.0024964842045746448,0.0004696551887803935,0.003475692208671732,1.392234808577099,35,1.5822388733475268,0.4399436054295317,-0.0032098443246021888,0,,,,1027,18.33878525801434,420,14.82881616582395,856,16.71144860258962,206,22.386036758501028,385,15.962367983269765
