gielda,symbol,seria_FRED,wariant,n_dni,n_zwrotow,korelacja,mediana_odch,fred_ostatnia
bybit,EURUSDUSDT,DEXUSEU,pre-rejestracja 16:00 UTC (zimą 17:00),9,8,0.9974492687086269,5.226936144286931e-05,2026-09-18
bybit,GBPUSDUSDT,DEXUSUK,pre-rejestracja 16:00 UTC (zimą 17:00),9,8,0.9974935743515458,8.861320336739364e-05,2026-09-18
bybit,USDJPYUSDT,DEXJPUS,pre-rejestracja 16:00 UTC (zimą 17:00),9,8,0.9982549517391661,6.48340248960988e-05,2026-09-18
bybit,BZUSDT,DCOILBRENTEU,pre-rejestracja 16:00 UTC (zimą 17:00),93,92,0.8206545379410201,0.04263186514410011,2026-09-22
bybit,CLUSDT,DCOILWTICO,pre-rejestracja 16:00 UTC (zimą 17:00),126,125,0.9038395636392846,0.030735413233345887,2026-09-22
bybit,SPYUSDT,SP500,pre-rejestracja 16:00 UTC (zimą 17:00),90,89,0.6942600175047178,,2026-09-22
bybit,SPYUSDT,SP500,dodatkowy: zamknięcie NYSE 20:00 UTC (zimą 21:00),90,89,0.9971504429592698,,2026-09-22
bybit,QQQUSDT,NASDAQ100,pre-rejestracja 16:00 UTC (zimą 17:00),98,97,0.8028214307699584,,2026-09-25
bybit,QQQUSDT,NASDAQ100,dodatkowy: zamknięcie NYSE 20:00 UTC (zimą 21:00),98,97,0.9995501134464615,,2026-09-25
binance,USDBRLUSDT,DEXBZUS,pre-rejestracja 16:00 UTC (zimą 17:00),0,0,,,2026-09-18
binance,BZUSDT,DCOILBRENTEU,pre-rejestracja 16:00 UTC (zimą 17:00),120,119,0.8330452384373018,0.05061052152361323,2026-09-22
binance,CLUSDT,DCOILWTICO,pre-rejestracja 16:00 UTC (zimą 17:00),120,119,0.9080686317401127,0.029781813078777253,2026-09-22
binance,SPYUSDT,SP500,pre-rejestracja 16:00 UTC (zimą 17:00),118,117,0.7283243336258418,,2026-09-22
binance,SPYUSDT,SP500,dodatkowy: zamknięcie NYSE 20:00 UTC (zimą 21:00),118,117,0.997412930515436,,2026-09-22
binance,QQQUSDT,NASDAQ100,pre-rejestracja 16:00 UTC (zimą 17:00),121,120,0.810382597479312,,2026-09-25
binance,QQQUSDT,NASDAQ100,dodatkowy: zamknięcie NYSE 20:00 UTC (zimą 21:00),121,120,0.9994134906055905,,2026-09-25
