timestamp,fold_idx,signal_direction,signal_confidence,label,hit,ponad_progiem
2022-05-09 00:00:00+00:00,1,-1.0,0.6129770278930664,-1.0,True,True
2022-05-10 00:00:00+00:00,1,-1.0,0.3830671012401581,-1.0,True,False
2022-05-11 00:00:00+00:00,1,-1.0,0.4022798538208008,0.0,True,False
2022-05-24 00:00:00+00:00,1,-1.0,0.44288370013237,0.0,False,True
2022-05-31 00:00:00+00:00,1,-1.0,0.5485361218452454,-1.0,True,True
2022-06-01 00:00:00+00:00,1,-1.0,0.5152347087860107,0.0,False,True
2022-06-02 00:00:00+00:00,1,-1.0,0.45706358551979065,0.0,True,True
2022-06-06 00:00:00+00:00,1,-1.0,0.4149022102355957,-1.0,True,False
2022-06-07 00:00:00+00:00,1,-1.0,0.41741687059402466,-1.0,True,False
2022-06-11 00:00:00+00:00,1,1.0,0.47319266200065613,-1.0,False,True
2022-06-12 00:00:00+00:00,1,1.0,0.4284818768501282,-1.0,False,True
2022-06-13 00:00:00+00:00,1,1.0,0.45950838923454285,-1.0,False,True
2022-06-22 00:00:00+00:00,1,1.0,0.47627684473991394,0.0,True,True
2022-06-23 00:00:00+00:00,1,1.0,0.4090229272842407,0.0,False,False
2022-06-24 00:00:00+00:00,1,1.0,0.472829133272171,0.0,False,True
2022-06-25 00:00:00+00:00,1,1.0,0.4100474417209625,-1.0,False,False
2022-06-26 00:00:00+00:00,1,1.0,0.46427401900291443,0.0,False,True
2022-06-27 00:00:00+00:00,1,1.0,0.4740116596221924,0.0,False,True
2022-06-28 00:00:00+00:00,1,1.0,0.4705727696418762,0.0,False,True
2022-06-29 00:00:00+00:00,1,1.0,0.4615330696105957,0.0,True,True
2022-07-04 00:00:00+00:00,2,1.0,0.3390614986419678,1.0,True,False
2022-07-07 00:00:00+00:00,2,1.0,0.3374979496002197,-1.0,False,False
2022-07-15 00:00:00+00:00,2,1.0,0.3517739772796631,1.0,True,False
2022-07-17 00:00:00+00:00,2,1.0,0.3517739772796631,1.0,True,False
2022-07-18 00:00:00+00:00,2,1.0,0.34284478425979614,0.0,False,False
2022-07-19 00:00:00+00:00,2,1.0,0.3450087904930115,-1.0,False,False
2022-07-20 00:00:00+00:00,2,1.0,0.3450087904930115,-1.0,False,False
2022-07-21 00:00:00+00:00,2,1.0,0.3450087904930115,-1.0,False,False
2022-07-23 00:00:00+00:00,2,1.0,0.3463718593120575,1.0,True,False
2022-07-24 00:00:00+00:00,2,1.0,0.3463718593120575,1.0,True,False
2022-07-25 00:00:00+00:00,2,1.0,0.3517739772796631,1.0,True,False
2022-07-27 00:00:00+00:00,2,1.0,0.34284478425979614,0.0,False,False
2022-07-28 00:00:00+00:00,2,1.0,0.35251563787460327,0.0,False,False
2022-07-29 00:00:00+00:00,2,1.0,0.3456161320209503,0.0,False,False
2022-07-30 00:00:00+00:00,2,1.0,0.35251563787460327,0.0,False,False
2022-07-31 00:00:00+00:00,2,1.0,0.34284478425979614,0.0,False,False
2022-08-01 00:00:00+00:00,2,1.0,0.34284478425979614,0.0,True,False
2022-08-02 00:00:00+00:00,2,1.0,0.3463718593120575,0.0,True,False
2022-08-03 00:00:00+00:00,2,1.0,0.3463718593120575,0.0,True,False
2022-08-04 00:00:00+00:00,2,-1.0,0.33561480045318604,1.0,False,False
2022-08-05 00:00:00+00:00,2,1.0,0.35251563787460327,0.0,True,False
2022-08-06 00:00:00+00:00,2,1.0,0.35327833890914917,1.0,True,False
2022-08-07 00:00:00+00:00,2,1.0,0.35327833890914917,1.0,True,False
2022-08-08 00:00:00+00:00,2,1.0,0.3456161320209503,0.0,True,False
2022-08-09 00:00:00+00:00,2,1.0,0.34368327260017395,1.0,True,False
2022-08-10 00:00:00+00:00,2,1.0,0.34284478425979614,0.0,False,False
2022-08-11 00:00:00+00:00,2,1.0,0.34284478425979614,0.0,False,False
2022-08-12 00:00:00+00:00,2,1.0,0.34284478425979614,-1.0,False,False
2022-08-13 00:00:00+00:00,2,1.0,0.34284478425979614,-1.0,False,False
2022-08-14 00:00:00+00:00,2,1.0,0.34284478425979614,-1.0,False,False
2022-08-15 00:00:00+00:00,2,1.0,0.34284478425979614,-1.0,False,False
2022-08-16 00:00:00+00:00,2,1.0,0.3463718593120575,-1.0,False,False
2022-08-17 00:00:00+00:00,2,-1.0,0.3408796787261963,-1.0,True,False
2022-08-30 00:00:00+00:00,2,1.0,0.34094923734664917,0.0,False,False
2022-09-02 00:00:00+00:00,2,1.0,0.3490756154060364,-1.0,False,False
2022-09-03 00:00:00+00:00,2,1.0,0.34094923734664917,-1.0,False,False
2022-09-04 00:00:00+00:00,2,1.0,0.3490756154060364,-1.0,False,False
2022-09-05 00:00:00+00:00,2,1.0,0.3490756154060364,-1.0,False,False
2022-09-06 00:00:00+00:00,2,1.0,0.34094923734664917,1.0,True,False
2022-09-07 00:00:00+00:00,2,1.0,0.3490756154060364,1.0,True,False
2022-09-08 00:00:00+00:00,2,1.0,0.3517739772796631,1.0,True,False
2022-09-09 00:00:00+00:00,2,1.0,0.35327833890914917,1.0,True,False
2022-09-10 00:00:00+00:00,2,1.0,0.34402909874916077,-1.0,False,False
2022-09-11 00:00:00+00:00,2,1.0,0.35251563787460327,-1.0,False,False
2022-09-12 00:00:00+00:00,2,1.0,0.35251563787460327,-1.0,False,False
2022-09-13 00:00:00+00:00,2,-1.0,0.33522260189056396,-1.0,True,False
2022-09-14 00:00:00+00:00,2,1.0,0.3490756154060364,-1.0,False,False
2022-09-15 00:00:00+00:00,2,1.0,0.3490756154060364,-1.0,False,False
2022-09-16 00:00:00+00:00,2,1.0,0.3490756154060364,-1.0,False,False
2022-09-17 00:00:00+00:00,2,1.0,0.3490756154060364,-1.0,False,False
2022-09-18 00:00:00+00:00,2,1.0,0.3490756154060364,0.0,False,False
2022-09-19 00:00:00+00:00,2,1.0,0.3490756154060364,0.0,False,False
2022-09-20 00:00:00+00:00,2,1.0,0.3490756154060364,1.0,True,False
2022-09-21 00:00:00+00:00,2,1.0,0.3490756154060364,1.0,True,False
2022-09-22 00:00:00+00:00,2,1.0,0.3517739772796631,0.0,True,False
2022-09-23 00:00:00+00:00,2,1.0,0.3490756154060364,0.0,True,False
2022-09-24 00:00:00+00:00,2,1.0,0.3490756154060364,0.0,True,False
2022-09-25 00:00:00+00:00,2,1.0,0.3490756154060364,1.0,True,False
2022-09-26 00:00:00+00:00,2,1.0,0.3517739772796631,0.0,True,False
2022-09-27 00:00:00+00:00,2,1.0,0.3490756154060364,0.0,True,False
2022-09-28 00:00:00+00:00,2,1.0,0.3517739772796631,0.0,True,False
2022-09-29 00:00:00+00:00,2,1.0,0.3517739772796631,0.0,True,False
2022-09-30 00:00:00+00:00,2,-1.0,0.33522260189056396,0.0,False,False
2022-10-01 00:00:00+00:00,3,-1.0,0.34506744146347046,0.0,False,False
2022-10-02 00:00:00+00:00,3,-1.0,0.3422585129737854,1.0,False,False
2022-10-03 00:00:00+00:00,3,-1.0,0.3349512219429016,0.0,True,False
2022-10-04 00:00:00+00:00,3,-1.0,0.3349512219429016,-1.0,True,False
2022-10-05 00:00:00+00:00,3,-1.0,0.3349512219429016,0.0,True,False
2022-10-06 00:00:00+00:00,3,-1.0,0.3349512219429016,-1.0,True,False
2022-10-07 00:00:00+00:00,3,-1.0,0.34474074840545654,-1.0,True,False
2022-10-08 00:00:00+00:00,3,-1.0,0.34339451789855957,-1.0,True,False
2022-10-09 00:00:00+00:00,3,-1.0,0.34339451789855957,-1.0,True,False
2022-10-10 00:00:00+00:00,3,1.0,0.34527674317359924,-1.0,False,False
2022-10-11 00:00:00+00:00,3,1.0,0.339129775762558,0.0,True,False
2022-10-13 00:00:00+00:00,3,-1.0,0.35027965903282166,0.0,True,False
2022-10-14 00:00:00+00:00,3,-1.0,0.34506744146347046,0.0,True,False
2022-10-16 00:00:00+00:00,3,-1.0,0.34371864795684814,0.0,False,False
2022-10-17 00:00:00+00:00,3,-1.0,0.3349512219429016,0.0,True,False
2022-10-18 00:00:00+00:00,3,-1.0,0.34506744146347046,1.0,False,False
2022-10-19 00:00:00+00:00,3,-1.0,0.34506744146347046,1.0,False,False
2022-10-20 00:00:00+00:00,3,1.0,0.339129775762558,1.0,True,False
2022-10-21 00:00:00+00:00,3,-1.0,0.34339451789855957,1.0,False,False
2022-10-22 00:00:00+00:00,3,-1.0,0.34339451789855957,1.0,False,False
2022-10-24 00:00:00+00:00,3,-1.0,0.34339451789855957,1.0,False,False
2022-10-25 00:00:00+00:00,3,-1.0,0.34163016080856323,1.0,False,False
2022-10-26 00:00:00+00:00,3,-1.0,0.34683239459991455,0.0,True,False
2022-10-27 00:00:00+00:00,3,1.0,0.3410907983779907,0.0,False,False
2022-10-28 00:00:00+00:00,3,1.0,0.3410907983779907,0.0,True,False
2022-10-31 00:00:00+00:00,3,1.0,0.3410907983779907,1.0,True,False
2022-11-01 00:00:00+00:00,3,1.0,0.3410907983779907,1.0,True,False
2022-11-02 00:00:00+00:00,3,-1.0,0.3438263535499573,1.0,False,False
2022-11-03 00:00:00+00:00,3,-1.0,0.3438263535499573,1.0,False,False
2022-11-06 00:00:00+00:00,3,1.0,0.3377295434474945,-1.0,False,False
2022-11-07 00:00:00+00:00,3,-1.0,0.34506744146347046,-1.0,True,False
2022-11-08 00:00:00+00:00,3,-1.0,0.3423748314380646,-1.0,True,False
2022-11-21 00:00:00+00:00,3,1.0,0.34609055519104004,0.0,True,False
2022-11-22 00:00:00+00:00,3,1.0,0.3383019268512726,0.0,True,False
2022-11-23 00:00:00+00:00,3,1.0,0.3424699306488037,0.0,True,False
2022-11-25 00:00:00+00:00,3,1.0,0.3424699306488037,0.0,True,False
2022-11-27 00:00:00+00:00,3,-1.0,0.34135717153549194,0.0,False,False
2022-11-30 00:00:00+00:00,3,-1.0,0.3349512219429016,0.0,True,False
2022-12-01 00:00:00+00:00,3,-1.0,0.3349512219429016,0.0,False,False
2022-12-02 00:00:00+00:00,3,1.0,0.34360113739967346,0.0,True,False
2022-12-03 00:00:00+00:00,3,1.0,0.3379484713077545,0.0,True,False
2022-12-04 00:00:00+00:00,3,-1.0,0.3336290419101715,0.0,True,False
2022-12-05 00:00:00+00:00,3,-1.0,0.3336290419101715,0.0,False,False
2022-12-06 00:00:00+00:00,3,1.0,0.34360113739967346,1.0,True,False
2022-12-07 00:00:00+00:00,3,1.0,0.3391033411026001,1.0,True,False
2022-12-08 00:00:00+00:00,3,1.0,0.34360113739967346,1.0,True,False
2022-12-09 00:00:00+00:00,3,1.0,0.34360113739967346,1.0,True,False
2022-12-10 00:00:00+00:00,3,1.0,0.3366211950778961,1.0,True,False
2022-12-11 00:00:00+00:00,3,1.0,0.3366211950778961,1.0,True,False
2022-12-12 00:00:00+00:00,3,1.0,0.34360113739967346,1.0,True,False
2022-12-13 00:00:00+00:00,3,-1.0,0.34683239459991455,-1.0,True,False
2022-12-14 00:00:00+00:00,3,-1.0,0.34683239459991455,-1.0,True,False
2022-12-16 00:00:00+00:00,3,-1.0,0.34280332922935486,0.0,False,False
2022-12-17 00:00:00+00:00,3,-1.0,0.34474074840545654,0.0,False,False
2022-12-20 00:00:00+00:00,3,1.0,0.3391033411026001,0.0,False,False
2022-12-21 00:00:00+00:00,3,-1.0,0.3438263535499573,0.0,True,False
2022-12-22 00:00:00+00:00,3,-1.0,0.34474074840545654,0.0,True,False
2022-12-23 00:00:00+00:00,3,-1.0,0.34474074840545654,0.0,True,False
2022-12-24 00:00:00+00:00,3,-1.0,0.34474074840545654,0.0,True,False
2022-12-25 00:00:00+00:00,3,-1.0,0.34371864795684814,0.0,True,False
2022-12-26 00:00:00+00:00,3,-1.0,0.34371864795684814,0.0,True,False
2022-12-27 00:00:00+00:00,3,-1.0,0.34242963790893555,0.0,True,False
2023-01-01 00:00:00+00:00,4,-1.0,0.3371388614177704,1.0,False,False
2023-01-02 00:00:00+00:00,4,-1.0,0.3344306945800781,1.0,False,False
2023-01-03 00:00:00+00:00,4,-1.0,0.3344306945800781,1.0,False,False
2023-01-04 00:00:00+00:00,4,1.0,0.3402665853500366,1.0,True,False
2023-01-05 00:00:00+00:00,4,1.0,0.33949655294418335,1.0,True,False
2023-01-06 00:00:00+00:00,4,1.0,0.33949655294418335,1.0,True,False
2023-01-07 00:00:00+00:00,4,1.0,0.3402665853500366,1.0,True,False
2023-01-08 00:00:00+00:00,4,-1.0,0.3357160687446594,1.0,False,False
2023-01-09 00:00:00+00:00,4,-1.0,0.3357160687446594,1.0,False,False
2023-01-12 00:00:00+00:00,4,-1.0,0.3449024260044098,1.0,False,False
2023-01-13 00:00:00+00:00,4,-1.0,0.3449024260044098,1.0,False,False
2023-01-15 00:00:00+00:00,4,1.0,0.3372670114040375,1.0,True,False
2023-01-16 00:00:00+00:00,4,1.0,0.3390842378139496,1.0,True,False
2023-01-17 00:00:00+00:00,4,1.0,0.3372670114040375,1.0,True,False
2023-01-18 00:00:00+00:00,4,1.0,0.3372670114040375,1.0,True,False
2023-01-19 00:00:00+00:00,4,1.0,0.3390842378139496,1.0,True,False
2023-01-21 00:00:00+00:00,4,-1.0,0.3396594822406769,0.0,False,False
2023-01-22 00:00:00+00:00,4,-1.0,0.3396594822406769,1.0,False,False
2023-01-23 00:00:00+00:00,4,-1.0,0.3396594822406769,0.0,True,False
2023-01-24 00:00:00+00:00,4,-1.0,0.3396594822406769,1.0,False,False
2023-01-26 00:00:00+00:00,4,-1.0,0.35168686509132385,1.0,False,False
2023-01-27 00:00:00+00:00,4,-1.0,0.3396594822406769,1.0,False,False
2023-01-28 00:00:00+00:00,4,-1.0,0.35168686509132385,1.0,False,False
2023-01-29 00:00:00+00:00,4,-1.0,0.3415190279483795,-1.0,True,False
2023-01-30 00:00:00+00:00,4,-1.0,0.35168686509132385,1.0,False,False
2023-01-31 00:00:00+00:00,4,-1.0,0.3396594822406769,0.0,False,False
2023-02-01 00:00:00+00:00,4,-1.0,0.3415190279483795,0.0,True,False
2023-02-02 00:00:00+00:00,4,-1.0,0.3396594822406769,-1.0,True,False
2023-02-03 00:00:00+00:00,4,-1.0,0.35168686509132385,-1.0,True,False
2023-02-04 00:00:00+00:00,4,-1.0,0.35168686509132385,-1.0,True,False
2023-02-05 00:00:00+00:00,4,-1.0,0.35168686509132385,-1.0,True,False
2023-02-06 00:00:00+00:00,4,-1.0,0.35168686509132385,-1.0,True,False
2023-02-07 00:00:00+00:00,4,-1.0,0.3450504243373871,-1.0,True,False
2023-02-08 00:00:00+00:00,4,-1.0,0.35168686509132385,-1.0,True,False
2023-02-09 00:00:00+00:00,4,-1.0,0.34613561630249023,1.0,False,False
2023-02-10 00:00:00+00:00,4,-1.0,0.3503725528717041,1.0,False,False
2023-02-11 00:00:00+00:00,4,-1.0,0.3457416296005249,1.0,False,False
2023-02-12 00:00:00+00:00,4,-1.0,0.3457416296005249,1.0,False,False
2023-02-13 00:00:00+00:00,4,-1.0,0.3503725528717041,1.0,False,False
2023-02-14 00:00:00+00:00,4,-1.0,0.3393256366252899,1.0,False,False
2023-02-16 00:00:00+00:00,4,-1.0,0.3396594822406769,1.0,False,False
2023-02-18 00:00:00+00:00,4,-1.0,0.3396594822406769,-1.0,True,False
2023-02-19 00:00:00+00:00,4,-1.0,0.3396594822406769,-1.0,True,False
2023-02-21 00:00:00+00:00,4,-1.0,0.35168686509132385,-1.0,True,False
2023-02-22 00:00:00+00:00,4,-1.0,0.35168686509132385,-1.0,True,False
2023-02-23 00:00:00+00:00,4,-1.0,0.35168686509132385,0.0,True,False
2023-02-24 00:00:00+00:00,4,-1.0,0.34613561630249023,0.0,True,False
2023-02-25 00:00:00+00:00,4,-1.0,0.34613561630249023,0.0,True,False
2023-02-26 00:00:00+00:00,4,-1.0,0.34510543942451477,-1.0,True,False
2023-02-27 00:00:00+00:00,4,-1.0,0.3457416296005249,-1.0,True,False
2023-02-28 00:00:00+00:00,4,-1.0,0.34613561630249023,0.0,True,False
2023-03-01 00:00:00+00:00,4,-1.0,0.3393256366252899,-1.0,True,False
2023-03-02 00:00:00+00:00,4,-1.0,0.3503725528717041,-1.0,True,False
2023-03-03 00:00:00+00:00,4,-1.0,0.3414015471935272,-1.0,True,False
2023-03-04 00:00:00+00:00,4,-1.0,0.3455226719379425,-1.0,True,False
2023-03-05 00:00:00+00:00,4,-1.0,0.3410182297229767,-1.0,True,False
2023-03-06 00:00:00+00:00,4,-1.0,0.3455226719379425,-1.0,True,False
2023-03-07 00:00:00+00:00,4,-1.0,0.3410182297229767,-1.0,True,False
2023-03-08 00:00:00+00:00,4,-1.0,0.34846988320350647,-1.0,True,False
2023-03-09 00:00:00+00:00,4,-1.0,0.34294790029525757,1.0,False,False
2023-03-10 00:00:00+00:00,4,-1.0,0.34294790029525757,1.0,False,False
2023-03-11 00:00:00+00:00,4,1.0,0.3418440520763397,1.0,True,False
2023-03-13 00:00:00+00:00,4,-1.0,0.33756503462791443,1.0,False,False
2023-03-15 00:00:00+00:00,4,-1.0,0.3396594822406769,1.0,False,False
2023-03-17 00:00:00+00:00,4,-1.0,0.3415190279483795,0.0,False,False
2023-03-18 00:00:00+00:00,4,-1.0,0.3396594822406769,1.0,False,False
2023-03-19 00:00:00+00:00,4,-1.0,0.3415190279483795,0.0,True,False
2023-03-20 00:00:00+00:00,4,-1.0,0.3396594822406769,0.0,True,False
2023-03-21 00:00:00+00:00,4,-1.0,0.3396594822406769,0.0,True,False
2023-03-22 00:00:00+00:00,4,-1.0,0.3396594822406769,0.0,False,False
2023-03-23 00:00:00+00:00,4,-1.0,0.3415190279483795,0.0,True,False
2023-03-24 00:00:00+00:00,4,-1.0,0.3396594822406769,0.0,False,False
2023-03-25 00:00:00+00:00,4,-1.0,0.3396594822406769,0.0,False,False
2023-03-26 00:00:00+00:00,4,-1.0,0.3415190279483795,0.0,False,False
2023-03-27 00:00:00+00:00,4,-1.0,0.3396594822406769,1.0,False,False
2023-03-28 00:00:00+00:00,4,-1.0,0.3396594822406769,0.0,False,False
2023-03-29 00:00:00+00:00,4,-1.0,0.3415190279483795,0.0,True,False
2023-03-30 00:00:00+00:00,4,-1.0,0.3396594822406769,0.0,False,False
2023-03-31 00:00:00+00:00,4,-1.0,0.3415190279483795,0.0,True,False
2023-04-02 00:00:00+00:00,5,-1.0,0.5180696845054626,0.0,False,True
2023-04-03 00:00:00+00:00,5,-1.0,0.6350963115692139,1.0,False,True
2023-04-04 00:00:00+00:00,5,1.0,0.43732956051826477,1.0,True,True
2023-04-05 00:00:00+00:00,5,-1.0,0.5531351566314697,1.0,False,True
2023-04-06 00:00:00+00:00,5,-1.0,0.5340368151664734,1.0,False,True
2023-04-07 00:00:00+00:00,5,-1.0,0.4536267817020416,1.0,False,True
2023-04-08 00:00:00+00:00,5,-1.0,0.44043704867362976,1.0,False,True
2023-04-09 00:00:00+00:00,5,1.0,0.39052814245224,1.0,True,False
2023-04-10 00:00:00+00:00,5,-1.0,0.4928031861782074,0.0,True,True
2023-04-11 00:00:00+00:00,5,-1.0,0.48818841576576233,0.0,False,True
2023-04-12 00:00:00+00:00,5,1.0,0.4752638339996338,0.0,False,True
2023-04-13 00:00:00+00:00,5,-1.0,0.42560261487960815,-1.0,True,True
2023-04-14 00:00:00+00:00,5,1.0,0.3989070951938629,-1.0,False,False
2023-04-16 00:00:00+00:00,5,-1.0,0.48122552037239075,-1.0,True,True
2023-04-17 00:00:00+00:00,5,-1.0,0.4574631452560425,-1.0,True,True
2023-04-18 00:00:00+00:00,5,-1.0,0.5492067337036133,-1.0,True,True
2023-04-19 00:00:00+00:00,5,-1.0,0.4189602732658386,-1.0,True,False
2023-04-20 00:00:00+00:00,5,-1.0,0.43726837635040283,1.0,False,True
2023-04-22 00:00:00+00:00,5,-1.0,0.488851398229599,1.0,False,True
2023-04-23 00:00:00+00:00,5,-1.0,0.46793338656425476,1.0,False,True
2023-04-24 00:00:00+00:00,5,-1.0,0.42122215032577515,1.0,False,False
2023-04-25 00:00:00+00:00,5,-1.0,0.47618839144706726,1.0,False,True
2023-04-26 00:00:00+00:00,5,-1.0,0.5778688788414001,0.0,False,True
2023-04-27 00:00:00+00:00,5,-1.0,0.391693115234375,-1.0,True,False
2023-04-28 00:00:00+00:00,5,-1.0,0.47718876600265503,0.0,False,True
2023-04-29 00:00:00+00:00,5,-1.0,0.5193246603012085,0.0,True,True
2023-04-30 00:00:00+00:00,5,-1.0,0.5415773391723633,0.0,True,True
2023-05-01 00:00:00+00:00,5,-1.0,0.5015782713890076,1.0,False,True
2023-05-02 00:00:00+00:00,5,-1.0,0.4591996669769287,0.0,True,True
2023-05-03 00:00:00+00:00,5,-1.0,0.5307483673095703,-1.0,True,True
2023-05-04 00:00:00+00:00,5,-1.0,0.5053654909133911,-1.0,True,True
2023-05-06 00:00:00+00:00,5,-1.0,0.6197606921195984,-1.0,True,True
2023-05-07 00:00:00+00:00,5,-1.0,0.4804633855819702,-1.0,True,True
2023-05-08 00:00:00+00:00,5,-1.0,0.512548565864563,-1.0,True,True
2023-05-09 00:00:00+00:00,5,-1.0,0.5375235676765442,-1.0,True,True
2023-05-10 00:00:00+00:00,5,-1.0,0.5872756838798523,-1.0,True,True
2023-05-11 00:00:00+00:00,5,-1.0,0.5868236422538757,0.0,True,True
2023-05-12 00:00:00+00:00,5,-1.0,0.5530894994735718,0.0,False,True
2023-05-13 00:00:00+00:00,5,-1.0,0.5221918821334839,0.0,False,True
2023-05-14 00:00:00+00:00,5,-1.0,0.538822591304779,0.0,True,True
2023-05-15 00:00:00+00:00,5,-1.0,0.45997416973114014,0.0,True,True
2023-05-16 00:00:00+00:00,5,-1.0,0.45640525221824646,0.0,False,True
2023-05-17 00:00:00+00:00,5,-1.0,0.5092614889144897,0.0,True,True
2023-05-18 00:00:00+00:00,5,-1.0,0.5062363147735596,0.0,True,True
2023-05-19 00:00:00+00:00,5,-1.0,0.48348769545555115,0.0,True,True
2023-05-20 00:00:00+00:00,5,-1.0,0.47651737928390503,0.0,True,True
2023-05-21 00:00:00+00:00,5,-1.0,0.4285232722759247,1.0,False,True
2023-05-22 00:00:00+00:00,5,-1.0,0.47872820496559143,1.0,False,True
2023-05-23 00:00:00+00:00,5,-1.0,0.4916476905345917,-1.0,True,True
2023-05-24 00:00:00+00:00,5,-1.0,0.5908687710762024,1.0,False,True
2023-05-25 00:00:00+00:00,5,-1.0,0.5082783102989197,1.0,False,True
2023-05-26 00:00:00+00:00,5,-1.0,0.5649635195732117,1.0,False,True
2023-05-27 00:00:00+00:00,5,-1.0,0.4849291443824768,1.0,False,True
2023-05-28 00:00:00+00:00,5,-1.0,0.4700184762477875,-1.0,True,True
2023-05-29 00:00:00+00:00,5,-1.0,0.4958692491054535,-1.0,True,True
2023-05-30 00:00:00+00:00,5,-1.0,0.4982818067073822,-1.0,True,True
2023-05-31 00:00:00+00:00,5,-1.0,0.5233839154243469,-1.0,True,True
2023-06-01 00:00:00+00:00,5,-1.0,0.5243374109268188,-1.0,True,True
2023-06-02 00:00:00+00:00,5,-1.0,0.5764653086662292,-1.0,True,True
2023-06-03 00:00:00+00:00,5,-1.0,0.4879233241081238,-1.0,True,True
2023-06-04 00:00:00+00:00,5,-1.0,0.6086173057556152,-1.0,True,True
2023-06-05 00:00:00+00:00,5,-1.0,0.5261455774307251,1.0,False,True
2023-06-06 00:00:00+00:00,5,-1.0,0.47410058975219727,-1.0,True,True
2023-06-07 00:00:00+00:00,5,-1.0,0.5194409489631653,-1.0,True,True
2023-06-08 00:00:00+00:00,5,-1.0,0.5289649367332458,-1.0,True,True
2023-06-09 00:00:00+00:00,5,-1.0,0.47583329677581787,-1.0,True,True
2023-06-10 00:00:00+00:00,5,-1.0,0.5071957111358643,0.0,False,True
2023-06-11 00:00:00+00:00,5,-1.0,0.5020800828933716,0.0,False,True
2023-06-12 00:00:00+00:00,5,-1.0,0.49783384799957275,0.0,False,True
2023-06-13 00:00:00+00:00,5,-1.0,0.5403831005096436,1.0,False,True
2023-06-14 00:00:00+00:00,5,-1.0,0.6068275570869446,1.0,False,True
2023-06-15 00:00:00+00:00,5,-1.0,0.534767746925354,1.0,False,True
2023-06-16 00:00:00+00:00,5,-1.0,0.4264736473560333,1.0,False,True
2023-06-17 00:00:00+00:00,5,-1.0,0.5300478339195251,1.0,False,True
2023-06-18 00:00:00+00:00,5,-1.0,0.5226650238037109,1.0,False,True
2023-06-19 00:00:00+00:00,5,-1.0,0.4530209004878998,1.0,False,True
2023-06-20 00:00:00+00:00,5,1.0,0.3496119976043701,1.0,True,False
2023-06-21 00:00:00+00:00,5,1.0,0.3950834274291992,0.0,True,False
2023-06-22 00:00:00+00:00,5,-1.0,0.45990246534347534,1.0,False,True
2023-06-25 00:00:00+00:00,5,-1.0,0.49244746565818787,0.0,False,True
2023-06-26 00:00:00+00:00,5,-1.0,0.5579581260681152,0.0,False,True
2023-06-27 00:00:00+00:00,5,-1.0,0.5170190334320068,0.0,False,True
2023-06-28 00:00:00+00:00,5,-1.0,0.5606181025505066,0.0,False,True
2023-06-30 00:00:00+00:00,5,-1.0,0.6261731386184692,0.0,True,True
2023-07-01 00:00:00+00:00,6,-1.0,0.42897453904151917,0.0,True,True
2023-07-02 00:00:00+00:00,6,-1.0,0.4738472104072571,0.0,True,True
2023-07-04 00:00:00+00:00,6,-1.0,0.5363723635673523,0.0,True,True
2023-07-05 00:00:00+00:00,6,-1.0,0.5904104709625244,0.0,True,True
2023-07-06 00:00:00+00:00,6,-1.0,0.4105079770088196,1.0,False,False
2023-07-07 00:00:00+00:00,6,-1.0,0.4634897708892822,1.0,False,True
2023-07-08 00:00:00+00:00,6,1.0,0.35932794213294983,1.0,True,False
2023-07-09 00:00:00+00:00,6,-1.0,0.5646659731864929,1.0,False,True
2023-07-10 00:00:00+00:00,6,-1.0,0.5620916485786438,1.0,False,True
2023-07-11 00:00:00+00:00,6,-1.0,0.6099674701690674,0.0,True,True
2023-07-12 00:00:00+00:00,6,-1.0,0.44761237502098083,1.0,False,True
2023-07-14 00:00:00+00:00,6,-1.0,0.5792214870452881,0.0,True,True
2023-07-15 00:00:00+00:00,6,-1.0,0.4706295132637024,0.0,True,True
2023-07-16 00:00:00+00:00,6,-1.0,0.5352148413658142,0.0,True,True
2023-07-17 00:00:00+00:00,6,-1.0,0.5890053510665894,0.0,True,True
2023-07-18 00:00:00+00:00,6,-1.0,0.6350760459899902,0.0,True,True
2023-07-19 00:00:00+00:00,6,-1.0,0.6780123114585876,0.0,True,True
2023-07-20 00:00:00+00:00,6,-1.0,0.6715548634529114,0.0,True,True
2023-07-21 00:00:00+00:00,6,-1.0,0.5906431674957275,0.0,True,True
2023-07-22 00:00:00+00:00,6,-1.0,0.594556987285614,0.0,True,True
2023-07-23 00:00:00+00:00,6,-1.0,0.4741671085357666,-1.0,True,True
2023-07-24 00:00:00+00:00,6,-1.0,0.6882814168930054,0.0,False,True
2023-07-25 00:00:00+00:00,6,-1.0,0.524385392665863,0.0,False,True
2023-07-26 00:00:00+00:00,6,-1.0,0.382172554731369,0.0,True,False
2023-07-27 00:00:00+00:00,6,-1.0,0.49030616879463196,0.0,True,True
2023-07-28 00:00:00+00:00,6,-1.0,0.5161960124969482,0.0,True,True
2023-07-29 00:00:00+00:00,6,-1.0,0.3953835368156433,0.0,True,False
2023-07-30 00:00:00+00:00,6,-1.0,0.5898577570915222,0.0,True,True
2023-07-31 00:00:00+00:00,6,-1.0,0.5093357563018799,0.0,True,True
2023-08-01 00:00:00+00:00,6,-1.0,0.5179653763771057,0.0,False,True
2023-08-02 00:00:00+00:00,6,-1.0,0.617797315120697,1.0,False,True
2023-08-03 00:00:00+00:00,6,-1.0,0.6272991299629211,1.0,False,True
2023-08-04 00:00:00+00:00,6,-1.0,0.6417866945266724,1.0,False,True
2023-08-05 00:00:00+00:00,6,-1.0,0.6671239137649536,1.0,False,True
2023-08-06 00:00:00+00:00,6,-1.0,0.6671239137649536,1.0,False,True
2023-08-07 00:00:00+00:00,6,-1.0,0.5877602696418762,1.0,False,True
2023-08-08 00:00:00+00:00,6,-1.0,0.35826241970062256,0.0,True,False
2023-08-09 00:00:00+00:00,6,1.0,0.35834574699401855,0.0,False,False
2023-08-10 00:00:00+00:00,6,-1.0,0.4817711412906647,-1.0,True,True
2023-08-11 00:00:00+00:00,6,-1.0,0.597993016242981,-1.0,True,True
2023-08-12 00:00:00+00:00,6,-1.0,0.6131946444511414,-1.0,True,True
2023-08-13 00:00:00+00:00,6,-1.0,0.5815938711166382,-1.0,True,True
2023-08-14 00:00:00+00:00,6,-1.0,0.5566747188568115,-1.0,True,True
2023-08-15 00:00:00+00:00,6,-1.0,0.6417965292930603,-1.0,True,True
2023-08-16 00:00:00+00:00,6,-1.0,0.5916064977645874,-1.0,True,True
2023-08-17 00:00:00+00:00,6,1.0,0.44654548168182373,-1.0,False,True
2023-08-18 00:00:00+00:00,6,1.0,0.39684098958969116,0.0,True,False
2023-08-19 00:00:00+00:00,6,1.0,0.3658047914505005,0.0,False,False
2023-08-21 00:00:00+00:00,6,1.0,0.41066497564315796,0.0,False,False
2023-08-22 00:00:00+00:00,6,1.0,0.36114636063575745,1.0,True,False
2023-08-23 00:00:00+00:00,6,1.0,0.455816388130188,1.0,True,True
2023-08-25 00:00:00+00:00,6,-1.0,0.39974403381347656,1.0,False,False
2023-08-26 00:00:00+00:00,6,1.0,0.39186373353004456,1.0,True,False
2023-08-29 00:00:00+00:00,6,1.0,0.436308890581131,-1.0,False,True
2023-09-06 00:00:00+00:00,6,-1.0,0.38925254344940186,0.0,False,False
2023-09-09 00:00:00+00:00,6,-1.0,0.546374499797821,0.0,False,True
2023-09-10 00:00:00+00:00,6,-1.0,0.4172048270702362,1.0,False,False
2023-09-12 00:00:00+00:00,6,1.0,0.4606344401836395,1.0,True,True
2023-09-13 00:00:00+00:00,6,1.0,0.45175087451934814,1.0,True,True
2023-09-15 00:00:00+00:00,6,-1.0,0.35941794514656067,0.0,True,False
2023-09-16 00:00:00+00:00,6,-1.0,0.4914311468601227,0.0,False,True
2023-09-17 00:00:00+00:00,6,-1.0,0.4837324619293213,0.0,True,True
2023-09-18 00:00:00+00:00,6,-1.0,0.3989273011684418,0.0,True,False
2023-09-19 00:00:00+00:00,6,-1.0,0.3926873803138733,-1.0,True,False
2023-09-20 00:00:00+00:00,6,1.0,0.37844130396842957,-1.0,False,False
2023-09-21 00:00:00+00:00,6,1.0,0.3643946647644043,0.0,True,False
2023-09-22 00:00:00+00:00,6,-1.0,0.48027148842811584,0.0,False,True
2023-09-23 00:00:00+00:00,6,-1.0,0.45933136343955994,0.0,False,True
2023-09-24 00:00:00+00:00,6,-1.0,0.3827853500843048,1.0,False,False
2023-09-25 00:00:00+00:00,6,-1.0,0.5163690447807312,1.0,False,True
2023-09-26 00:00:00+00:00,6,-1.0,0.489680677652359,1.0,False,True
2023-09-27 00:00:00+00:00,6,-1.0,0.47542592883110046,1.0,False,True
2023-09-28 00:00:00+00:00,6,-1.0,0.4427247643470764,1.0,False,True
2023-09-29 00:00:00+00:00,6,1.0,0.37664324045181274,1.0,True,False
2023-09-30 00:00:00+00:00,7,1.0,0.34500211477279663,1.0,True,False
2023-10-01 00:00:00+00:00,7,1.0,0.34500211477279663,0.0,False,False
2023-10-02 00:00:00+00:00,7,1.0,0.34500211477279663,0.0,True,False
2023-10-03 00:00:00+00:00,7,1.0,0.34500211477279663,0.0,False,False
2023-10-04 00:00:00+00:00,7,-1.0,0.3413890302181244,-1.0,True,False
2023-10-05 00:00:00+00:00,7,1.0,0.34500211477279663,0.0,False,False
2023-10-06 00:00:00+00:00,7,-1.0,0.3413890302181244,-1.0,True,False
2023-10-07 00:00:00+00:00,7,1.0,0.34500211477279663,-1.0,False,False
2023-10-08 00:00:00+00:00,7,-1.0,0.3394702672958374,-1.0,True,False
2023-10-09 00:00:00+00:00,7,-1.0,0.3394702672958374,-1.0,True,False
2023-10-10 00:00:00+00:00,7,-1.0,0.3394702672958374,1.0,False,False
2023-10-11 00:00:00+00:00,7,-1.0,0.34915679693222046,1.0,False,False
2023-10-12 00:00:00+00:00,7,-1.0,0.3394702672958374,1.0,False,False
2023-10-13 00:00:00+00:00,7,1.0,0.34500211477279663,1.0,True,False
2023-10-14 00:00:00+00:00,7,1.0,0.34500211477279663,1.0,True,False
2023-10-15 00:00:00+00:00,7,-1.0,0.3413890302181244,1.0,False,False
2023-10-16 00:00:00+00:00,7,-1.0,0.3418070673942566,1.0,False,False
2023-10-17 00:00:00+00:00,7,-1.0,0.3413890302181244,1.0,False,False
2023-10-18 00:00:00+00:00,7,1.0,0.34500211477279663,1.0,True,False
2023-10-19 00:00:00+00:00,7,1.0,0.34500211477279663,1.0,True,False
2023-10-20 00:00:00+00:00,7,1.0,0.34500211477279663,1.0,True,False
2023-10-21 00:00:00+00:00,7,-1.0,0.3418070673942566,1.0,False,False
2023-10-22 00:00:00+00:00,7,1.0,0.34909430146217346,1.0,True,False
2023-10-23 00:00:00+00:00,7,1.0,0.34500211477279663,1.0,True,False
2023-10-24 00:00:00+00:00,7,-1.0,0.3367735743522644,0.0,False,False
2023-10-25 00:00:00+00:00,7,1.0,0.34629327058792114,0.0,True,False
2023-10-26 00:00:00+00:00,7,-1.0,0.3377052843570709,0.0,False,False
2023-10-27 00:00:00+00:00,7,-1.0,0.3377052843570709,1.0,False,False
2023-10-29 00:00:00+00:00,7,-1.0,0.3377052843570709,0.0,False,False
2023-10-30 00:00:00+00:00,7,-1.0,0.3377052843570709,0.0,False,False
2023-10-31 00:00:00+00:00,7,-1.0,0.3377052843570709,0.0,False,False
2023-11-01 00:00:00+00:00,7,-1.0,0.3377052843570709,0.0,False,False
2023-11-02 00:00:00+00:00,7,-1.0,0.33796438574790955,1.0,False,False
2023-11-03 00:00:00+00:00,7,-1.0,0.34119606018066406,1.0,False,False
2023-11-04 00:00:00+00:00,7,-1.0,0.34093576669692993,1.0,False,False
2023-11-07 00:00:00+00:00,7,-1.0,0.34093576669692993,1.0,False,False
2023-11-08 00:00:00+00:00,7,-1.0,0.3377052843570709,1.0,False,False
2023-11-09 00:00:00+00:00,7,-1.0,0.3377052843570709,-1.0,True,False
2023-11-10 00:00:00+00:00,7,-1.0,0.33796438574790955,-1.0,True,False
2023-11-11 00:00:00+00:00,7,1.0,0.35125502943992615,-1.0,False,False
2023-11-12 00:00:00+00:00,7,1.0,0.33686864376068115,-1.0,False,False
2023-11-13 00:00:00+00:00,7,-1.0,0.34119606018066406,-1.0,True,False
2023-11-14 00:00:00+00:00,7,-1.0,0.33861082792282104,1.0,False,False
2023-11-15 00:00:00+00:00,7,-1.0,0.34093576669692993,-1.0,True,False
2023-11-16 00:00:00+00:00,7,1.0,0.34534770250320435,0.0,True,False
2023-11-17 00:00:00+00:00,7,-1.0,0.33861082792282104,0.0,False,False
2023-11-18 00:00:00+00:00,7,-1.0,0.33861082792282104,0.0,False,False
2023-11-19 00:00:00+00:00,7,-1.0,0.34093576669692993,0.0,False,False
2023-11-20 00:00:00+00:00,7,-1.0,0.34093576669692993,0.0,True,False
2023-11-21 00:00:00+00:00,7,1.0,0.34449201822280884,1.0,True,False
2023-11-22 00:00:00+00:00,7,-1.0,0.33861082792282104,0.0,False,False
2023-11-23 00:00:00+00:00,7,-1.0,0.33861082792282104,0.0,False,False
2023-11-24 00:00:00+00:00,7,-1.0,0.33861082792282104,0.0,False,False
2023-11-25 00:00:00+00:00,7,-1.0,0.33861082792282104,1.0,False,False
2023-11-26 00:00:00+00:00,7,-1.0,0.33861082792282104,1.0,False,False
2023-11-27 00:00:00+00:00,7,-1.0,0.33861082792282104,1.0,False,False
2023-11-28 00:00:00+00:00,7,-1.0,0.33861082792282104,1.0,False,False
2023-11-29 00:00:00+00:00,7,-1.0,0.33861082792282104,1.0,False,False
2023-11-30 00:00:00+00:00,7,-1.0,0.33861082792282104,1.0,False,False
2023-12-01 00:00:00+00:00,7,-1.0,0.34093576669692993,1.0,False,False
2023-12-02 00:00:00+00:00,7,-1.0,0.34093576669692993,1.0,False,False
2023-12-03 00:00:00+00:00,7,-1.0,0.34093576669692993,1.0,False,False
2023-12-04 00:00:00+00:00,7,-1.0,0.34093576669692993,1.0,False,False
2023-12-05 00:00:00+00:00,7,1.0,0.34629327058792114,-1.0,False,False
2023-12-06 00:00:00+00:00,7,1.0,0.34629327058792114,-1.0,False,False
2023-12-07 00:00:00+00:00,7,-1.0,0.34093576669692993,-1.0,True,False
2023-12-09 00:00:00+00:00,7,-1.0,0.34093576669692993,-1.0,True,False
2023-12-10 00:00:00+00:00,7,-1.0,0.34093576669692993,-1.0,True,False
2023-12-16 00:00:00+00:00,7,-1.0,0.33861082792282104,0.0,False,False
2023-12-17 00:00:00+00:00,7,-1.0,0.33861082792282104,1.0,False,False
2023-12-18 00:00:00+00:00,7,-1.0,0.33861082792282104,0.0,False,False
2023-12-19 00:00:00+00:00,7,-1.0,0.33861082792282104,0.0,False,False
2023-12-20 00:00:00+00:00,7,-1.0,0.33861082792282104,0.0,True,False
2023-12-21 00:00:00+00:00,7,-1.0,0.33861082792282104,0.0,True,False
2023-12-23 00:00:00+00:00,7,-1.0,0.33861082792282104,-1.0,True,False
2023-12-24 00:00:00+00:00,7,-1.0,0.33861082792282104,0.0,True,False
2023-12-25 00:00:00+00:00,7,-1.0,0.33861082792282104,-1.0,True,False
2023-12-26 00:00:00+00:00,7,-1.0,0.33861082792282104,1.0,False,False
2023-12-27 00:00:00+00:00,7,-1.0,0.33861082792282104,1.0,False,False
2023-12-30 00:00:00+00:00,8,1.0,0.35785242915153503,1.0,True,False
2023-12-31 00:00:00+00:00,8,1.0,0.3559809923171997,1.0,True,False
2024-01-01 00:00:00+00:00,8,1.0,0.35785242915153503,-1.0,False,False
2024-01-02 00:00:00+00:00,8,-1.0,0.3719145953655243,-1.0,True,False
2024-01-03 00:00:00+00:00,8,1.0,0.3559809923171997,1.0,True,False
2024-01-04 00:00:00+00:00,8,-1.0,0.3719145953655243,1.0,False,False
2024-01-06 00:00:00+00:00,8,1.0,0.37024256587028503,1.0,True,False
2024-01-07 00:00:00+00:00,8,1.0,0.3574463129043579,1.0,True,False
2024-01-08 00:00:00+00:00,8,1.0,0.36410364508628845,-1.0,False,False
2024-01-09 00:00:00+00:00,8,-1.0,0.3698601722717285,-1.0,True,False
2024-01-10 00:00:00+00:00,8,-1.0,0.36624690890312195,-1.0,True,False
2024-01-11 00:00:00+00:00,8,-1.0,0.35810303688049316,-1.0,True,False
2024-01-12 00:00:00+00:00,8,-1.0,0.3475082218647003,0.0,True,False
2024-01-13 00:00:00+00:00,8,-1.0,0.35436031222343445,0.0,True,False
2024-01-14 00:00:00+00:00,8,-1.0,0.35436031222343445,0.0,True,False
2024-01-15 00:00:00+00:00,8,-1.0,0.36645546555519104,0.0,True,False
2024-01-16 00:00:00+00:00,8,-1.0,0.37172842025756836,-1.0,True,False
2024-01-17 00:00:00+00:00,8,-1.0,0.35436031222343445,-1.0,True,False
2024-01-22 00:00:00+00:00,8,1.0,0.3545967638492584,1.0,True,False
2024-01-23 00:00:00+00:00,8,1.0,0.3545967638492584,1.0,True,False
2024-01-26 00:00:00+00:00,8,1.0,0.35977402329444885,0.0,True,False
2024-01-29 00:00:00+00:00,8,1.0,0.3435233533382416,0.0,False,False
2024-02-04 00:00:00+00:00,8,1.0,0.36809489130973816,1.0,True,False
2024-02-05 00:00:00+00:00,8,1.0,0.36809489130973816,1.0,True,False
2024-02-06 00:00:00+00:00,8,1.0,0.36809489130973816,1.0,True,False
2024-02-07 00:00:00+00:00,8,1.0,0.3809419274330139,1.0,True,False
2024-02-12 00:00:00+00:00,8,-1.0,0.3403487503528595,1.0,False,False
2024-02-13 00:00:00+00:00,8,1.0,0.3409568667411804,1.0,True,False
2024-02-14 00:00:00+00:00,8,-1.0,0.3403487503528595,0.0,False,False
2024-02-15 00:00:00+00:00,8,1.0,0.3409568667411804,0.0,False,False
2024-02-17 00:00:00+00:00,8,1.0,0.3367517292499542,0.0,False,False
2024-02-21 00:00:00+00:00,8,1.0,0.3930632174015045,1.0,True,False
2024-02-22 00:00:00+00:00,8,1.0,0.37024256587028503,1.0,True,False
2024-02-23 00:00:00+00:00,8,1.0,0.37024256587028503,1.0,True,False
2024-02-24 00:00:00+00:00,8,-1.0,0.3719145953655243,1.0,False,False
2024-02-25 00:00:00+00:00,8,1.0,0.37024256587028503,1.0,True,False
2024-02-26 00:00:00+00:00,8,1.0,0.3773583173751831,1.0,True,False
2024-02-28 00:00:00+00:00,8,-1.0,0.34478673338890076,1.0,False,False
2024-02-29 00:00:00+00:00,8,1.0,0.36356085538864136,1.0,True,False
2024-03-01 00:00:00+00:00,8,1.0,0.3429771065711975,1.0,True,False
2024-03-02 00:00:00+00:00,8,1.0,0.3429771065711975,1.0,True,False
2024-03-03 00:00:00+00:00,8,1.0,0.338722288608551,1.0,True,False
2024-03-04 00:00:00+00:00,8,-1.0,0.3467785120010376,-1.0,True,False
2024-03-05 00:00:00+00:00,8,-1.0,0.36624690890312195,1.0,False,False
2024-03-11 00:00:00+00:00,8,1.0,0.3839563727378845,-1.0,False,False
2024-03-12 00:00:00+00:00,8,1.0,0.3786715269088745,-1.0,False,False
2024-03-14 00:00:00+00:00,8,1.0,0.3429771065711975,-1.0,False,False
2024-03-15 00:00:00+00:00,8,-1.0,0.36624690890312195,-1.0,True,False
2024-03-16 00:00:00+00:00,8,-1.0,0.35928863286972046,0.0,True,False
2024-03-17 00:00:00+00:00,8,-1.0,0.37172842025756836,-1.0,True,False
2024-03-18 00:00:00+00:00,8,-1.0,0.35928863286972046,-1.0,True,False
2024-03-19 00:00:00+00:00,8,-1.0,0.3475082218647003,1.0,False,False
2024-03-20 00:00:00+00:00,8,1.0,0.3809419274330139,0.0,True,False
2024-03-24 00:00:00+00:00,8,1.0,0.3435233533382416,0.0,True,False
2024-03-25 00:00:00+00:00,8,1.0,0.3435233533382416,0.0,False,False
2024-03-28 00:00:00+00:00,8,1.0,0.3809419274330139,-1.0,False,False
2024-03-29 00:00:00+00:00,8,-1.0,0.35928863286972046,0.0,True,False
2024-03-31 00:00:00+00:00,9,1.0,0.42527952790260315,-1.0,False,True
2024-04-02 00:00:00+00:00,9,1.0,0.3711310625076294,1.0,True,False
2024-04-03 00:00:00+00:00,9,-1.0,0.3634202778339386,1.0,False,False
2024-04-08 00:00:00+00:00,9,1.0,0.5169756412506104,-1.0,False,True
2024-04-12 00:00:00+00:00,9,-1.0,0.5330753922462463,-1.0,True,True
2024-04-14 00:00:00+00:00,9,1.0,0.41673919558525085,-1.0,False,False
2024-04-15 00:00:00+00:00,9,1.0,0.4449397325515747,0.0,True,True
2024-04-16 00:00:00+00:00,9,-1.0,0.36216244101524353,0.0,False,False
2024-04-19 00:00:00+00:00,9,1.0,0.4153653085231781,0.0,False,False
2024-04-20 00:00:00+00:00,9,1.0,0.5263935923576355,0.0,False,True
2024-04-21 00:00:00+00:00,9,-1.0,0.40585267543792725,0.0,True,False
2024-04-22 00:00:00+00:00,9,-1.0,0.4524146318435669,0.0,True,True
2024-04-23 00:00:00+00:00,9,-1.0,0.46530401706695557,-1.0,True,True
2024-04-24 00:00:00+00:00,9,1.0,0.4169740378856659,-1.0,False,False
2024-04-25 00:00:00+00:00,9,1.0,0.42488446831703186,-1.0,False,False
2024-04-26 00:00:00+00:00,9,-1.0,0.509591281414032,-1.0,True,True
2024-04-27 00:00:00+00:00,9,-1.0,0.40846630930900574,-1.0,True,False
2024-04-28 00:00:00+00:00,9,-1.0,0.37722429633140564,-1.0,True,False
2024-04-29 00:00:00+00:00,9,1.0,0.3799440562725067,-1.0,False,False
2024-05-01 00:00:00+00:00,9,1.0,0.3550226390361786,1.0,True,False
2024-05-03 00:00:00+00:00,9,1.0,0.4113720655441284,0.0,False,False
2024-05-08 00:00:00+00:00,9,-1.0,0.3671509623527527,1.0,False,False
2024-05-10 00:00:00+00:00,9,-1.0,0.4908221364021301,1.0,False,True
2024-05-11 00:00:00+00:00,9,-1.0,0.535460352897644,1.0,False,True
2024-05-12 00:00:00+00:00,9,-1.0,0.4945182502269745,1.0,False,True
2024-05-14 00:00:00+00:00,9,-1.0,0.3514695465564728,1.0,False,False
2024-05-15 00:00:00+00:00,9,-1.0,0.3612305819988251,1.0,False,False
2024-05-20 00:00:00+00:00,9,-1.0,0.3416179418563843,-1.0,True,False
2024-05-22 00:00:00+00:00,9,1.0,0.4161488115787506,0.0,False,False
2024-05-29 00:00:00+00:00,9,-1.0,0.44282492995262146,1.0,False,True
2024-06-01 00:00:00+00:00,9,-1.0,0.3735160827636719,1.0,False,False
2024-06-02 00:00:00+00:00,9,-1.0,0.4077536463737488,1.0,False,False
2024-06-11 00:00:00+00:00,9,1.0,0.39523765444755554,-1.0,False,False
2024-06-13 00:00:00+00:00,9,-1.0,0.5149866938591003,0.0,True,True
2024-06-14 00:00:00+00:00,9,1.0,0.41674497723579407,0.0,False,False
2024-06-15 00:00:00+00:00,9,-1.0,0.4954683482646942,0.0,True,True
2024-06-16 00:00:00+00:00,9,-1.0,0.4923221468925476,-1.0,True,True
2024-06-17 00:00:00+00:00,9,-1.0,0.48586028814315796,-1.0,True,True
2024-06-19 00:00:00+00:00,9,1.0,0.46460217237472534,-1.0,False,True
2024-06-20 00:00:00+00:00,9,1.0,0.4473074972629547,-1.0,False,True
2024-06-21 00:00:00+00:00,9,1.0,0.4541660249233246,-1.0,False,True
2024-06-22 00:00:00+00:00,9,1.0,0.3827331066131592,-1.0,False,False
2024-06-23 00:00:00+00:00,9,1.0,0.4183835983276367,-1.0,False,False
2024-06-24 00:00:00+00:00,9,1.0,0.4170285761356354,1.0,True,False
2024-06-25 00:00:00+00:00,9,1.0,0.39252105355262756,0.0,True,False
2024-06-26 00:00:00+00:00,9,1.0,0.4030110538005829,0.0,False,False
2024-06-27 00:00:00+00:00,9,1.0,0.4030110538005829,-1.0,False,False
2024-06-28 00:00:00+00:00,9,1.0,0.4692571461200714,1.0,True,True
2024-06-29 00:00:00+00:00,10,-1.0,0.38787776231765747,-1.0,True,False
2024-07-24 00:00:00+00:00,10,-1.0,0.35843032598495483,1.0,False,False
2024-07-25 00:00:00+00:00,10,1.0,0.4074626863002777,1.0,True,False
2024-07-27 00:00:00+00:00,10,1.0,0.3686784505844116,-1.0,False,False
2024-07-31 00:00:00+00:00,10,1.0,0.34520623087882996,-1.0,False,False
2024-08-01 00:00:00+00:00,10,1.0,0.34520623087882996,-1.0,False,False
2024-08-02 00:00:00+00:00,10,-1.0,0.38084185123443604,-1.0,True,False
2024-08-03 00:00:00+00:00,10,1.0,0.3912908434867859,-1.0,False,False
2024-08-04 00:00:00+00:00,10,1.0,0.37702620029449463,-1.0,False,False
2024-08-05 00:00:00+00:00,10,-1.0,0.36273622512817383,1.0,False,False
2024-08-06 00:00:00+00:00,10,1.0,0.3810185492038727,1.0,True,False
2024-08-13 00:00:00+00:00,10,1.0,0.3522079288959503,0.0,False,False
2024-08-14 00:00:00+00:00,10,-1.0,0.39082154631614685,0.0,False,False
2024-08-15 00:00:00+00:00,10,1.0,0.36749541759490967,0.0,True,False
2024-09-07 00:00:00+00:00,10,1.0,0.36749541759490967,1.0,True,False
2024-09-08 00:00:00+00:00,10,1.0,0.36749541759490967,1.0,True,False
2024-09-09 00:00:00+00:00,10,1.0,0.3522079288959503,0.0,True,False
2024-09-14 00:00:00+00:00,10,1.0,0.3537665009498596,1.0,True,False
2024-09-16 00:00:00+00:00,10,1.0,0.36953607201576233,1.0,True,False
2024-09-17 00:00:00+00:00,10,1.0,0.39493900537490845,1.0,True,False
2024-09-18 00:00:00+00:00,10,1.0,0.3537665009498596,0.0,True,False
2024-09-19 00:00:00+00:00,10,1.0,0.3700949251651764,0.0,True,False
2024-09-28 00:00:00+00:00,11,1.0,0.3443089723587036,-1.0,False,False
2024-09-29 00:00:00+00:00,11,1.0,0.3443089723587036,-1.0,False,False
2024-10-01 00:00:00+00:00,11,-1.0,0.342039555311203,1.0,False,False
2024-10-02 00:00:00+00:00,11,-1.0,0.3473113179206848,1.0,False,False
2024-10-07 00:00:00+00:00,11,1.0,0.33474650979042053,-1.0,False,False
2024-10-09 00:00:00+00:00,11,-1.0,0.34145471453666687,1.0,False,False
2024-10-10 00:00:00+00:00,11,-1.0,0.3385849893093109,1.0,False,False
2024-10-13 00:00:00+00:00,11,1.0,0.34454023838043213,1.0,True,False
2024-10-14 00:00:00+00:00,11,-1.0,0.33876967430114746,1.0,False,False
2024-10-15 00:00:00+00:00,11,1.0,0.33510032296180725,0.0,True,False
2024-10-17 00:00:00+00:00,11,1.0,0.34589314460754395,0.0,True,False
2024-10-18 00:00:00+00:00,11,1.0,0.34871816635131836,-1.0,False,False
2024-10-19 00:00:00+00:00,11,1.0,0.34589314460754395,-1.0,False,False
2024-10-20 00:00:00+00:00,11,1.0,0.34589314460754395,-1.0,False,False
2024-10-21 00:00:00+00:00,11,1.0,0.3506092429161072,0.0,True,False
2024-10-22 00:00:00+00:00,11,1.0,0.3506092429161072,1.0,True,False
2024-10-23 00:00:00+00:00,11,1.0,0.34943920373916626,1.0,True,False
2024-10-24 00:00:00+00:00,11,1.0,0.3506092429161072,1.0,True,False
2024-10-25 00:00:00+00:00,11,1.0,0.34943920373916626,1.0,True,False
2024-10-26 00:00:00+00:00,11,1.0,0.34943920373916626,1.0,True,False
2024-10-27 00:00:00+00:00,11,1.0,0.3506092429161072,1.0,True,False
2024-10-28 00:00:00+00:00,11,1.0,0.34871816635131836,1.0,True,False
2024-10-29 00:00:00+00:00,11,1.0,0.34871816635131836,-1.0,False,False
2024-10-30 00:00:00+00:00,11,1.0,0.34589314460754395,-1.0,False,False
2024-10-31 00:00:00+00:00,11,1.0,0.34430232644081116,-1.0,False,False
2024-11-01 00:00:00+00:00,11,1.0,0.34943920373916626,1.0,True,False
2024-11-02 00:00:00+00:00,11,1.0,0.34943920373916626,1.0,True,False
2024-11-03 00:00:00+00:00,11,1.0,0.34943920373916626,1.0,True,False
2024-11-04 00:00:00+00:00,11,1.0,0.34244194626808167,1.0,True,False
2024-11-05 00:00:00+00:00,11,1.0,0.34943920373916626,1.0,True,False
2024-11-06 00:00:00+00:00,11,-1.0,0.34706664085388184,1.0,False,False
2024-11-10 00:00:00+00:00,11,1.0,0.33595192432403564,1.0,True,False
2024-11-15 00:00:00+00:00,11,1.0,0.34045377373695374,1.0,True,False
2024-11-16 00:00:00+00:00,11,1.0,0.34045377373695374,1.0,True,False
2024-11-17 00:00:00+00:00,11,-1.0,0.34776806831359863,1.0,False,False
2024-11-18 00:00:00+00:00,11,-1.0,0.3369396924972534,1.0,False,False
2024-11-21 00:00:00+00:00,11,1.0,0.34045377373695374,-1.0,False,False
2024-11-23 00:00:00+00:00,11,-1.0,0.3384780287742615,-1.0,True,False
2024-11-24 00:00:00+00:00,11,-1.0,0.3384780287742615,-1.0,True,False
2024-11-25 00:00:00+00:00,11,-1.0,0.3355112373828888,1.0,False,False
2024-11-26 00:00:00+00:00,11,-1.0,0.34122464060783386,1.0,False,False
2024-11-27 00:00:00+00:00,11,-1.0,0.3442158102989197,0.0,False,False
2024-11-28 00:00:00+00:00,11,-1.0,0.3442158102989197,1.0,False,False
2024-11-29 00:00:00+00:00,11,1.0,0.34045377373695374,1.0,True,False
2024-11-30 00:00:00+00:00,11,-1.0,0.3442158102989197,1.0,False,False
2024-12-01 00:00:00+00:00,11,-1.0,0.3442158102989197,1.0,False,False
2024-12-02 00:00:00+00:00,11,-1.0,0.34122464060783386,1.0,False,False
2024-12-03 00:00:00+00:00,11,1.0,0.33684712648391724,1.0,True,False
2024-12-04 00:00:00+00:00,11,1.0,0.34045377373695374,1.0,True,False
2024-12-05 00:00:00+00:00,11,-1.0,0.34122464060783386,0.0,False,False
2024-12-06 00:00:00+00:00,11,-1.0,0.3384780287742615,0.0,False,False
2024-12-07 00:00:00+00:00,11,-1.0,0.3355112373828888,0.0,False,False
2024-12-08 00:00:00+00:00,11,-1.0,0.3384780287742615,-1.0,True,False
2024-12-11 00:00:00+00:00,11,1.0,0.34045377373695374,1.0,True,False
2024-12-13 00:00:00+00:00,11,1.0,0.341040700674057,1.0,True,False
2024-12-15 00:00:00+00:00,11,1.0,0.341040700674057,-1.0,False,False
2024-12-16 00:00:00+00:00,11,1.0,0.34871816635131836,-1.0,False,False
2024-12-17 00:00:00+00:00,11,1.0,0.3382455110549927,-1.0,False,False
2024-12-23 00:00:00+00:00,11,-1.0,0.348072350025177,0.0,True,False
2024-12-25 00:00:00+00:00,11,1.0,0.33474665880203247,-1.0,False,False
2024-12-26 00:00:00+00:00,11,-1.0,0.3484845757484436,0.0,False,False
2024-12-27 00:00:00+00:00,11,-1.0,0.3484845757484436,0.0,False,False
2024-12-28 00:00:00+00:00,12,-1.0,0.34540075063705444,0.0,False,False
2024-12-29 00:00:00+00:00,12,-1.0,0.3478606939315796,0.0,False,False
2024-12-30 00:00:00+00:00,12,-1.0,0.34360721707344055,1.0,False,False
2024-12-31 00:00:00+00:00,12,-1.0,0.3417821526527405,1.0,False,False
2025-01-01 00:00:00+00:00,12,1.0,0.3482849597930908,1.0,True,False
2025-01-02 00:00:00+00:00,12,1.0,0.3482849597930908,1.0,True,False
2025-01-03 00:00:00+00:00,12,-1.0,0.33780530095100403,-1.0,True,False
2025-01-04 00:00:00+00:00,12,-1.0,0.3438500761985779,-1.0,True,False
2025-01-05 00:00:00+00:00,12,-1.0,0.34628787636756897,-1.0,True,False
2025-01-06 00:00:00+00:00,12,-1.0,0.3417517840862274,-1.0,True,False
2025-01-07 00:00:00+00:00,12,1.0,0.342761367559433,-1.0,False,False
2025-01-08 00:00:00+00:00,12,1.0,0.34514471888542175,-1.0,False,False
2025-01-09 00:00:00+00:00,12,-1.0,0.33934280276298523,1.0,False,False
2025-01-11 00:00:00+00:00,12,-1.0,0.33934280276298523,-1.0,True,False
2025-01-12 00:00:00+00:00,12,-1.0,0.33934280276298523,-1.0,True,False
2025-01-13 00:00:00+00:00,12,-1.0,0.33934280276298523,1.0,False,False
2025-01-14 00:00:00+00:00,12,-1.0,0.3417821526527405,1.0,False,False
2025-01-16 00:00:00+00:00,12,-1.0,0.33934280276298523,1.0,False,False
2025-01-17 00:00:00+00:00,12,-1.0,0.34328359365463257,1.0,False,False
2025-01-18 00:00:00+00:00,12,-1.0,0.34210389852523804,0.0,False,False
2025-01-19 00:00:00+00:00,12,-1.0,0.34210389852523804,1.0,False,False
2025-01-20 00:00:00+00:00,12,-1.0,0.34210389852523804,0.0,True,False
2025-01-21 00:00:00+00:00,12,-1.0,0.3478606939315796,-1.0,True,False
2025-01-22 00:00:00+00:00,12,-1.0,0.3478606939315796,0.0,False,False
2025-01-23 00:00:00+00:00,12,-1.0,0.3478606939315796,0.0,False,False
2025-01-24 00:00:00+00:00,12,-1.0,0.34628787636756897,-1.0,True,False
2025-01-25 00:00:00+00:00,12,-1.0,0.3438500761985779,-1.0,True,False
2025-01-26 00:00:00+00:00,12,-1.0,0.3478606939315796,-1.0,True,False
2025-01-27 00:00:00+00:00,12,-1.0,0.34540075063705444,-1.0,True,False
2025-01-28 00:00:00+00:00,12,-1.0,0.3478606939315796,-1.0,True,False
2025-01-29 00:00:00+00:00,12,-1.0,0.34628787636756897,-1.0,True,False
2025-01-30 00:00:00+00:00,12,-1.0,0.3478606939315796,-1.0,True,False
2025-01-31 00:00:00+00:00,12,-1.0,0.3417821526527405,-1.0,True,False
2025-02-01 00:00:00+00:00,12,-1.0,0.34540075063705444,-1.0,True,False
2025-02-02 00:00:00+00:00,12,-1.0,0.33934280276298523,-1.0,True,False
2025-02-04 00:00:00+00:00,12,-1.0,0.33934280276298523,0.0,True,False
2025-02-05 00:00:00+00:00,12,-1.0,0.34540075063705444,0.0,False,False
2025-02-06 00:00:00+00:00,12,1.0,0.3458581864833832,0.0,True,False
2025-02-07 00:00:00+00:00,12,1.0,0.3458581864833832,0.0,True,False
2025-02-08 00:00:00+00:00,12,1.0,0.3458581864833832,0.0,True,False
2025-02-09 00:00:00+00:00,12,1.0,0.3458581864833832,0.0,False,False
2025-02-10 00:00:00+00:00,12,1.0,0.3458581864833832,0.0,False,False
2025-02-11 00:00:00+00:00,12,1.0,0.3458581864833832,0.0,False,False
2025-02-12 00:00:00+00:00,12,1.0,0.3401101529598236,0.0,False,False
2025-02-13 00:00:00+00:00,12,1.0,0.3458581864833832,0.0,True,False
2025-02-14 00:00:00+00:00,12,-1.0,0.33934280276298523,0.0,True,False
2025-02-15 00:00:00+00:00,12,-1.0,0.33934280276298523,0.0,True,False
2025-02-16 00:00:00+00:00,12,-1.0,0.33934280276298523,0.0,False,False
2025-02-17 00:00:00+00:00,12,-1.0,0.33934280276298523,0.0,True,False
2025-02-18 00:00:00+00:00,12,-1.0,0.33756449818611145,-1.0,True,False
2025-02-19 00:00:00+00:00,12,-1.0,0.3417821526527405,-1.0,True,False
2025-02-21 00:00:00+00:00,12,-1.0,0.33934280276298523,-1.0,True,False
2025-02-22 00:00:00+00:00,12,-1.0,0.33934280276298523,-1.0,True,False
2025-02-23 00:00:00+00:00,12,-1.0,0.33934280276298523,-1.0,True,False
2025-02-24 00:00:00+00:00,12,1.0,0.33781182765960693,-1.0,False,False
2025-02-25 00:00:00+00:00,12,1.0,0.3450413942337036,-1.0,False,False
2025-02-26 00:00:00+00:00,12,1.0,0.3483426868915558,-1.0,False,False
2025-02-27 00:00:00+00:00,12,1.0,0.3483426868915558,-1.0,False,False
2025-03-03 00:00:00+00:00,12,1.0,0.3455960750579834,-1.0,False,False
2025-03-08 00:00:00+00:00,12,-1.0,0.3363703787326813,-1.0,True,False
2025-03-09 00:00:00+00:00,12,1.0,0.3496837913990021,0.0,True,False
2025-03-10 00:00:00+00:00,12,1.0,0.3455960750579834,0.0,True,False
2025-03-13 00:00:00+00:00,12,1.0,0.3443768322467804,0.0,True,False
2025-03-15 00:00:00+00:00,12,-1.0,0.3463960289955139,0.0,True,False
2025-03-16 00:00:00+00:00,12,-1.0,0.3463960289955139,0.0,False,False
2025-03-17 00:00:00+00:00,12,-1.0,0.3463960289955139,0.0,False,False
2025-03-18 00:00:00+00:00,12,-1.0,0.3470298945903778,0.0,False,False
2025-03-19 00:00:00+00:00,12,-1.0,0.34388673305511475,0.0,False,False
2025-03-20 00:00:00+00:00,12,-1.0,0.3492984175682068,0.0,False,False
2025-03-21 00:00:00+00:00,12,-1.0,0.3492984175682068,0.0,False,False
2025-03-22 00:00:00+00:00,12,-1.0,0.34388673305511475,0.0,True,False
2025-03-23 00:00:00+00:00,12,-1.0,0.34388673305511475,0.0,True,False
2025-03-24 00:00:00+00:00,12,-1.0,0.3492984175682068,-1.0,True,False
2025-03-25 00:00:00+00:00,12,-1.0,0.3492984175682068,-1.0,True,False
2025-03-26 00:00:00+00:00,12,1.0,0.3431558609008789,-1.0,False,False
2025-03-27 00:00:00+00:00,12,1.0,0.3431558609008789,-1.0,False,False
2025-03-28 00:00:00+00:00,12,1.0,0.34097936749458313,0.0,False,False
2025-03-29 00:00:00+00:00,13,-1.0,0.36624157428741455,1.0,False,False
2025-03-30 00:00:00+00:00,13,-1.0,0.350615918636322,1.0,False,False
2025-04-01 00:00:00+00:00,13,1.0,0.3545641005039215,-1.0,False,False
2025-04-03 00:00:00+00:00,13,-1.0,0.34726932644844055,-1.0,True,False
2025-04-04 00:00:00+00:00,13,1.0,0.3726419508457184,-1.0,False,False
2025-04-05 00:00:00+00:00,13,1.0,0.37968823313713074,-1.0,False,False
2025-04-07 00:00:00+00:00,13,1.0,0.348745733499527,1.0,True,False
2025-04-09 00:00:00+00:00,13,1.0,0.34995579719543457,0.0,True,False
2025-04-17 00:00:00+00:00,13,1.0,0.3545641005039215,1.0,True,False
2025-04-19 00:00:00+00:00,13,1.0,0.3545641005039215,1.0,True,False
2025-04-21 00:00:00+00:00,13,1.0,0.3545641005039215,1.0,True,False
2025-04-22 00:00:00+00:00,13,1.0,0.33696430921554565,0.0,True,False
2025-04-24 00:00:00+00:00,13,1.0,0.3558519184589386,0.0,True,False
2025-04-25 00:00:00+00:00,13,1.0,0.3558519184589386,0.0,True,False
2025-04-27 00:00:00+00:00,13,1.0,0.3545641005039215,0.0,True,False
2025-04-29 00:00:00+00:00,13,1.0,0.3545641005039215,0.0,True,False
2025-05-01 00:00:00+00:00,13,1.0,0.3558519184589386,1.0,True,False
2025-05-02 00:00:00+00:00,13,1.0,0.3558519184589386,1.0,True,False
2025-05-06 00:00:00+00:00,13,1.0,0.3545641005039215,1.0,True,False
2025-05-08 00:00:00+00:00,13,1.0,0.3557043969631195,0.0,True,False
2025-05-09 00:00:00+00:00,13,-1.0,0.35400843620300293,0.0,False,False
2025-05-10 00:00:00+00:00,13,-1.0,0.35931628942489624,0.0,True,False
2025-05-11 00:00:00+00:00,13,-1.0,0.35400843620300293,0.0,False,False
2025-05-12 00:00:00+00:00,13,-1.0,0.34423473477363586,0.0,False,False
2025-05-13 00:00:00+00:00,13,-1.0,0.35400843620300293,0.0,False,False
2025-05-14 00:00:00+00:00,13,-1.0,0.34423473477363586,1.0,False,False
2025-05-15 00:00:00+00:00,13,-1.0,0.34947532415390015,1.0,False,False
2025-05-16 00:00:00+00:00,13,-1.0,0.34423473477363586,1.0,False,False
2025-05-17 00:00:00+00:00,13,-1.0,0.3459540903568268,1.0,False,False
2025-05-18 00:00:00+00:00,13,-1.0,0.35931628942489624,-1.0,True,False
2025-05-19 00:00:00+00:00,13,-1.0,0.34947532415390015,1.0,False,False
2025-05-20 00:00:00+00:00,13,-1.0,0.35931628942489624,1.0,False,False
2025-05-22 00:00:00+00:00,13,-1.0,0.35400843620300293,-1.0,True,False
2025-05-23 00:00:00+00:00,13,-1.0,0.34707245230674744,0.0,True,False
2025-05-24 00:00:00+00:00,13,-1.0,0.34707245230674744,0.0,True,False
2025-05-25 00:00:00+00:00,13,-1.0,0.3407386541366577,-1.0,True,False
2025-05-26 00:00:00+00:00,13,-1.0,0.34052717685699463,-1.0,True,False
2025-05-27 00:00:00+00:00,13,-1.0,0.34707245230674744,-1.0,True,False
2025-05-28 00:00:00+00:00,13,-1.0,0.3528424799442291,-1.0,True,False
2025-05-29 00:00:00+00:00,13,-1.0,0.3528424799442291,-1.0,True,False
2025-05-30 00:00:00+00:00,13,-1.0,0.35305055975914,0.0,False,False
2025-05-31 00:00:00+00:00,13,-1.0,0.34757837653160095,0.0,False,False
2025-06-01 00:00:00+00:00,13,-1.0,0.34757837653160095,-1.0,True,False
2025-06-02 00:00:00+00:00,13,-1.0,0.34757837653160095,-1.0,True,False
2025-06-03 00:00:00+00:00,13,-1.0,0.34757837653160095,-1.0,True,False
2025-06-04 00:00:00+00:00,13,-1.0,0.34757837653160095,-1.0,True,False
2025-06-06 00:00:00+00:00,13,-1.0,0.34757837653160095,1.0,False,False
2025-06-07 00:00:00+00:00,13,-1.0,0.34757837653160095,1.0,False,False
2025-06-08 00:00:00+00:00,13,-1.0,0.34757837653160095,1.0,False,False
2025-06-10 00:00:00+00:00,13,-1.0,0.3418489694595337,-1.0,True,False
2025-06-11 00:00:00+00:00,13,-1.0,0.3528424799442291,-1.0,True,False
2025-06-12 00:00:00+00:00,13,-1.0,0.3528424799442291,0.0,True,False
2025-06-13 00:00:00+00:00,13,-1.0,0.3528424799442291,0.0,True,False
2025-06-15 00:00:00+00:00,13,-1.0,0.34757837653160095,-1.0,True,False
2025-06-16 00:00:00+00:00,13,-1.0,0.34757837653160095,-1.0,True,False
2025-06-23 00:00:00+00:00,13,-1.0,0.3546280860900879,0.0,False,False
2025-06-25 00:00:00+00:00,13,-1.0,0.3546280860900879,0.0,False,False
2025-06-26 00:00:00+00:00,13,-1.0,0.3546280860900879,0.0,False,False
2025-06-27 00:00:00+00:00,13,-1.0,0.3599400818347931,0.0,False,False
2025-06-28 00:00:00+00:00,14,-1.0,0.3389846086502075,0.0,False,False
2025-06-29 00:00:00+00:00,14,1.0,0.3432956635951996,0.0,True,False
2025-07-02 00:00:00+00:00,14,-1.0,0.33904826641082764,0.0,False,False
2025-07-03 00:00:00+00:00,14,-1.0,0.33904826641082764,1.0,False,False
2025-07-04 00:00:00+00:00,14,1.0,0.3418969213962555,1.0,True,False
2025-07-05 00:00:00+00:00,14,1.0,0.33944955468177795,1.0,True,False
2025-07-06 00:00:00+00:00,14,1.0,0.34183353185653687,1.0,True,False
2025-07-07 00:00:00+00:00,14,-1.0,0.3389846086502075,1.0,False,False
2025-07-08 00:00:00+00:00,14,-1.0,0.3389846086502075,1.0,False,False
2025-07-09 00:00:00+00:00,14,-1.0,0.3370870351791382,1.0,False,False
2025-07-10 00:00:00+00:00,14,-1.0,0.3379320800304413,1.0,False,False
2025-07-11 00:00:00+00:00,14,-1.0,0.3418331742286682,1.0,False,False
2025-07-12 00:00:00+00:00,14,-1.0,0.3388621211051941,1.0,False,False
2025-07-13 00:00:00+00:00,14,-1.0,0.3418331742286682,1.0,False,False
2025-07-14 00:00:00+00:00,14,-1.0,0.3418331742286682,0.0,True,False
2025-07-15 00:00:00+00:00,14,-1.0,0.3357379138469696,0.0,False,False
2025-07-16 00:00:00+00:00,14,-1.0,0.3388621211051941,0.0,False,False
2025-07-17 00:00:00+00:00,14,-1.0,0.3388621211051941,0.0,True,False
2025-07-18 00:00:00+00:00,14,-1.0,0.3388621211051941,0.0,True,False
2025-07-19 00:00:00+00:00,14,-1.0,0.33400145173072815,0.0,False,False
2025-07-20 00:00:00+00:00,14,1.0,0.3432956635951996,0.0,True,False
2025-07-21 00:00:00+00:00,14,1.0,0.3432956635951996,0.0,True,False
2025-07-22 00:00:00+00:00,14,-1.0,0.3388621211051941,-1.0,True,False
2025-07-23 00:00:00+00:00,14,1.0,0.3428213894367218,0.0,False,False
2025-07-24 00:00:00+00:00,14,1.0,0.3432956635951996,0.0,False,False
2025-07-25 00:00:00+00:00,14,1.0,0.3432956635951996,-1.0,False,False
2025-07-26 00:00:00+00:00,14,1.0,0.3428213894367218,-1.0,False,False
2025-07-27 00:00:00+00:00,14,1.0,0.3432956635951996,-1.0,False,False
2025-07-28 00:00:00+00:00,14,1.0,0.3432956635951996,-1.0,False,False
2025-07-29 00:00:00+00:00,14,1.0,0.3403584063053131,-1.0,False,False
2025-07-30 00:00:00+00:00,14,1.0,0.3432956635951996,-1.0,False,False
2025-07-31 00:00:00+00:00,14,1.0,0.3451173007488251,0.0,True,False
2025-08-04 00:00:00+00:00,14,-1.0,0.3389846086502075,1.0,False,False
2025-08-06 00:00:00+00:00,14,-1.0,0.3389846086502075,1.0,False,False
2025-08-07 00:00:00+00:00,14,-1.0,0.3379320800304413,1.0,False,False
2025-08-08 00:00:00+00:00,14,-1.0,0.3389846086502075,1.0,False,False
2025-08-09 00:00:00+00:00,14,1.0,0.33938711881637573,1.0,True,False
2025-08-10 00:00:00+00:00,14,1.0,0.3432956635951996,1.0,True,False
2025-08-11 00:00:00+00:00,14,1.0,0.3432956635951996,1.0,True,False
2025-08-12 00:00:00+00:00,14,-1.0,0.3389846086502075,1.0,False,False
2025-08-13 00:00:00+00:00,14,-1.0,0.3418331742286682,-1.0,True,False
2025-08-14 00:00:00+00:00,14,-1.0,0.33378082513809204,-1.0,True,False
2025-08-16 00:00:00+00:00,14,-1.0,0.3389846086502075,-1.0,True,False
2025-08-23 00:00:00+00:00,14,-1.0,0.3431992828845978,-1.0,True,False
2025-08-24 00:00:00+00:00,14,1.0,0.3348017930984497,-1.0,False,False
2025-08-25 00:00:00+00:00,14,1.0,0.34788233041763306,0.0,False,False
2025-08-26 00:00:00+00:00,14,1.0,0.34584614634513855,0.0,False,False
2025-08-29 00:00:00+00:00,14,-1.0,0.3438771367073059,0.0,False,False
2025-08-30 00:00:00+00:00,14,-1.0,0.3486163020133972,0.0,False,False
2025-08-31 00:00:00+00:00,14,1.0,0.34584614634513855,1.0,True,False
2025-09-03 00:00:00+00:00,14,-1.0,0.3389846086502075,0.0,False,False
2025-09-04 00:00:00+00:00,14,1.0,0.3448377251625061,1.0,True,False
2025-09-07 00:00:00+00:00,14,-1.0,0.3389846086502075,1.0,False,False
2025-09-08 00:00:00+00:00,14,-1.0,0.3389846086502075,1.0,False,False
2025-09-09 00:00:00+00:00,14,1.0,0.3432956635951996,1.0,True,False
2025-09-10 00:00:00+00:00,14,1.0,0.3432956635951996,0.0,True,False
2025-09-15 00:00:00+00:00,14,-1.0,0.3389846086502075,-1.0,True,False
2025-09-16 00:00:00+00:00,14,-1.0,0.3389846086502075,-1.0,True,False
2025-09-18 00:00:00+00:00,14,-1.0,0.3389846086502075,-1.0,True,False
2025-09-28 00:00:00+00:00,15,1.0,0.3977372944355011,1.0,True,False
2025-09-29 00:00:00+00:00,15,1.0,0.3588719964027405,1.0,True,False
2025-09-30 00:00:00+00:00,15,1.0,0.3921456038951874,1.0,True,False
2025-10-01 00:00:00+00:00,15,1.0,0.3491043448448181,1.0,True,False
2025-10-02 00:00:00+00:00,15,-1.0,0.4276576638221741,1.0,False,True
2025-10-03 00:00:00+00:00,15,-1.0,0.3663155138492584,-1.0,True,False
2025-10-04 00:00:00+00:00,15,-1.0,0.3723088800907135,-1.0,True,False
2025-10-05 00:00:00+00:00,15,-1.0,0.43396735191345215,-1.0,True,True
2025-10-09 00:00:00+00:00,15,1.0,0.35218966007232666,-1.0,False,False
2025-10-10 00:00:00+00:00,15,-1.0,0.39727917313575745,-1.0,True,False
2025-10-11 00:00:00+00:00,15,-1.0,0.40471866726875305,-1.0,True,False
2025-10-12 00:00:00+00:00,15,1.0,0.38507115840911865,-1.0,False,False
2025-10-13 00:00:00+00:00,15,1.0,0.3879307210445404,-1.0,False,False
2025-10-14 00:00:00+00:00,15,1.0,0.4261237680912018,-1.0,False,True
2025-10-15 00:00:00+00:00,15,1.0,0.3415858745574951,-1.0,False,False
2025-10-16 00:00:00+00:00,15,-1.0,0.4388035833835602,0.0,False,True
2025-10-17 00:00:00+00:00,15,1.0,0.36777135729789734,1.0,True,False
2025-10-18 00:00:00+00:00,15,1.0,0.4001716673374176,1.0,True,False
2025-10-21 00:00:00+00:00,15,1.0,0.42844343185424805,1.0,True,True
2025-10-22 00:00:00+00:00,15,1.0,0.4021263122558594,1.0,True,False
2025-10-30 00:00:00+00:00,15,-1.0,0.39050495624542236,-1.0,True,False
2025-10-31 00:00:00+00:00,15,-1.0,0.39364272356033325,-1.0,True,False
2025-11-01 00:00:00+00:00,15,-1.0,0.4146316945552826,-1.0,True,False
2025-11-02 00:00:00+00:00,15,-1.0,0.4342574179172516,-1.0,True,True
2025-11-03 00:00:00+00:00,15,-1.0,0.37325993180274963,-1.0,True,False
2025-11-04 00:00:00+00:00,15,-1.0,0.4102768301963806,0.0,False,False
2025-11-05 00:00:00+00:00,15,-1.0,0.43908587098121643,0.0,True,True
2025-11-06 00:00:00+00:00,15,-1.0,0.41521763801574707,0.0,True,False
2025-11-07 00:00:00+00:00,15,-1.0,0.44134247303009033,-1.0,True,True
2025-11-08 00:00:00+00:00,15,-1.0,0.3654964566230774,-1.0,True,False
2025-11-10 00:00:00+00:00,15,-1.0,0.38599303364753723,-1.0,True,False
2025-11-11 00:00:00+00:00,15,-1.0,0.3792897164821625,-1.0,True,False
2025-11-12 00:00:00+00:00,15,-1.0,0.44134247303009033,-1.0,True,True
2025-11-13 00:00:00+00:00,15,-1.0,0.41967636346817017,-1.0,True,False
2025-11-14 00:00:00+00:00,15,-1.0,0.43852221965789795,-1.0,True,True
2025-11-15 00:00:00+00:00,15,-1.0,0.36127060651779175,-1.0,True,False
2025-11-16 00:00:00+00:00,15,-1.0,0.39332759380340576,-1.0,True,False
2025-11-17 00:00:00+00:00,15,-1.0,0.43562328815460205,-1.0,True,True
2025-11-18 00:00:00+00:00,15,-1.0,0.4140283763408661,-1.0,True,False
2025-11-19 00:00:00+00:00,15,-1.0,0.4165637791156769,-1.0,True,False
2025-11-20 00:00:00+00:00,15,-1.0,0.44080832600593567,0.0,False,True
2025-11-21 00:00:00+00:00,15,-1.0,0.4644092619419098,1.0,False,True
2025-11-22 00:00:00+00:00,15,-1.0,0.36216700077056885,1.0,False,False
2025-11-23 00:00:00+00:00,15,1.0,0.4020933508872986,0.0,True,False
2025-11-25 00:00:00+00:00,15,-1.0,0.44240689277648926,0.0,False,True
2025-11-26 00:00:00+00:00,15,1.0,0.4479733407497406,-1.0,False,True
2025-11-28 00:00:00+00:00,15,1.0,0.43238365650177,-1.0,False,True
2025-12-01 00:00:00+00:00,15,-1.0,0.3798390328884125,1.0,False,False
2025-12-02 00:00:00+00:00,15,-1.0,0.38599303364753723,0.0,False,False
2025-12-03 00:00:00+00:00,15,1.0,0.4646015167236328,0.0,False,True
2025-12-04 00:00:00+00:00,15,1.0,0.3594253659248352,0.0,True,False
2025-12-06 00:00:00+00:00,15,1.0,0.41983145475387573,0.0,True,False
2025-12-07 00:00:00+00:00,15,1.0,0.38562485575675964,0.0,False,False
2025-12-09 00:00:00+00:00,15,1.0,0.401248574256897,-1.0,False,False
2025-12-11 00:00:00+00:00,15,-1.0,0.35032373666763306,-1.0,True,False
2025-12-14 00:00:00+00:00,15,-1.0,0.3688287138938904,0.0,False,False
2025-12-15 00:00:00+00:00,15,-1.0,0.4319491386413574,0.0,False,True
2025-12-16 00:00:00+00:00,15,-1.0,0.35679101943969727,0.0,True,False
2025-12-17 00:00:00+00:00,15,-1.0,0.42176973819732666,0.0,False,False
2025-12-18 00:00:00+00:00,15,-1.0,0.41967636346817017,0.0,False,False
2025-12-19 00:00:00+00:00,15,-1.0,0.3542349338531494,0.0,True,False
2025-12-20 00:00:00+00:00,15,-1.0,0.34553202986717224,0.0,True,False
2025-12-21 00:00:00+00:00,15,-1.0,0.4096277952194214,0.0,True,False
2025-12-22 00:00:00+00:00,15,-1.0,0.3709457218647003,0.0,True,False
2025-12-23 00:00:00+00:00,15,-1.0,0.3736927807331085,0.0,False,False
