timestamp,signal_direction,signal_confidence,ponad_progiem
2026-01-01 00:00:00+00:00,-1.0,0.38691804,False
2026-01-02 00:00:00+00:00,0.0,0.40775126,False
2026-01-03 00:00:00+00:00,-1.0,0.3742252,False
2026-01-04 00:00:00+00:00,1.0,0.36244535,False
2026-01-05 00:00:00+00:00,-1.0,0.36597997,False
2026-01-06 00:00:00+00:00,1.0,0.369797,False
2026-01-07 00:00:00+00:00,1.0,0.370895,False
2026-01-08 00:00:00+00:00,1.0,0.36218265,False
2026-01-09 00:00:00+00:00,-1.0,0.4118859,False
2026-01-10 00:00:00+00:00,-1.0,0.44523498,True
2026-01-11 00:00:00+00:00,-1.0,0.42910028,True
2026-01-12 00:00:00+00:00,-1.0,0.3608397,False
2026-01-13 00:00:00+00:00,-1.0,0.3435924,False
2026-01-14 00:00:00+00:00,-1.0,0.34292346,False
2026-01-15 00:00:00+00:00,1.0,0.38816574,False
2026-01-16 00:00:00+00:00,1.0,0.4209839,False
2026-01-17 00:00:00+00:00,1.0,0.39965644,False
2026-01-18 00:00:00+00:00,1.0,0.3803787,False
2026-01-19 00:00:00+00:00,1.0,0.4022432,False
2026-01-20 00:00:00+00:00,1.0,0.3746664,False
2026-01-21 00:00:00+00:00,0.0,0.36310968,False
2026-01-22 00:00:00+00:00,-1.0,0.43449926,True
2026-01-23 00:00:00+00:00,-1.0,0.3980615,False
2026-01-24 00:00:00+00:00,-1.0,0.39138967,False
2026-01-25 00:00:00+00:00,-1.0,0.36994943,False
2026-01-26 00:00:00+00:00,-1.0,0.377384,False
2026-01-27 00:00:00+00:00,-1.0,0.40921763,False
2026-01-28 00:00:00+00:00,-1.0,0.40840167,False
2026-01-29 00:00:00+00:00,-1.0,0.42378953,False
2026-01-30 00:00:00+00:00,0.0,0.34945905,False
2026-01-31 00:00:00+00:00,0.0,0.36586198,False
2026-02-01 00:00:00+00:00,0.0,0.45858392,False
2026-02-02 00:00:00+00:00,0.0,0.47041854,False
2026-02-03 00:00:00+00:00,0.0,0.45077267,False
2026-02-04 00:00:00+00:00,0.0,0.42698953,False
2026-02-05 00:00:00+00:00,1.0,0.36107802,False
2026-02-06 00:00:00+00:00,0.0,0.4069734,False
2026-02-07 00:00:00+00:00,0.0,0.5393404,False
2026-02-08 00:00:00+00:00,0.0,0.5333135,False
2026-02-09 00:00:00+00:00,0.0,0.5333135,False
2026-02-10 00:00:00+00:00,0.0,0.50657314,False
2026-02-11 00:00:00+00:00,0.0,0.5071868,False
2026-02-12 00:00:00+00:00,0.0,0.5168552,False
2026-02-13 00:00:00+00:00,0.0,0.45504785,False
2026-02-14 00:00:00+00:00,0.0,0.47919458,False
2026-02-15 00:00:00+00:00,0.0,0.5210142,False
2026-02-16 00:00:00+00:00,0.0,0.5378249,False
2026-02-17 00:00:00+00:00,0.0,0.45582047,False
2026-02-18 00:00:00+00:00,0.0,0.48499116,False
2026-02-19 00:00:00+00:00,0.0,0.53718346,False
2026-02-20 00:00:00+00:00,0.0,0.5112869,False
2026-02-21 00:00:00+00:00,0.0,0.46149737,False
2026-02-22 00:00:00+00:00,0.0,0.48417377,False
2026-02-23 00:00:00+00:00,0.0,0.46324232,False
2026-02-24 00:00:00+00:00,0.0,0.444472,False
2026-02-25 00:00:00+00:00,0.0,0.47956404,False
2026-02-26 00:00:00+00:00,0.0,0.45684096,False
2026-02-27 00:00:00+00:00,0.0,0.47980228,False
2026-02-28 00:00:00+00:00,0.0,0.4338951,False
2026-03-01 00:00:00+00:00,0.0,0.4989813,False
2026-03-02 00:00:00+00:00,0.0,0.44409424,False
2026-03-03 00:00:00+00:00,0.0,0.4376052,False
2026-03-04 00:00:00+00:00,-1.0,0.42006394,False
2026-03-05 00:00:00+00:00,0.0,0.3680105,False
2026-03-06 00:00:00+00:00,0.0,0.51082885,False
2026-03-07 00:00:00+00:00,0.0,0.5188666,False
2026-03-08 00:00:00+00:00,0.0,0.53623897,False
2026-03-09 00:00:00+00:00,0.0,0.45736757,False
2026-03-10 00:00:00+00:00,-1.0,0.40548623,False
2026-03-11 00:00:00+00:00,0.0,0.4336977,False
2026-03-12 00:00:00+00:00,-1.0,0.40490383,False
2026-03-13 00:00:00+00:00,0.0,0.39203697,False
2026-03-14 00:00:00+00:00,1.0,0.35929316,False
2026-03-15 00:00:00+00:00,1.0,0.37958238,False
2026-03-16 00:00:00+00:00,1.0,0.35802048,False
2026-03-17 00:00:00+00:00,1.0,0.3578719,False
2026-03-18 00:00:00+00:00,1.0,0.35918298,False
2026-03-19 00:00:00+00:00,0.0,0.40085244,False
2026-03-20 00:00:00+00:00,0.0,0.39618444,False
2026-03-21 00:00:00+00:00,0.0,0.38729015,False
2026-03-22 00:00:00+00:00,0.0,0.47588557,False
2026-03-23 00:00:00+00:00,0.0,0.39282426,False
2026-03-24 00:00:00+00:00,0.0,0.40757856,False
2026-03-25 00:00:00+00:00,0.0,0.4333181,False
2026-03-26 00:00:00+00:00,0.0,0.3553504,False
2026-03-27 00:00:00+00:00,-1.0,0.42156503,False
2026-03-28 00:00:00+00:00,0.0,0.37579578,False
2026-03-29 00:00:00+00:00,0.0,0.36862403,False
2026-03-30 00:00:00+00:00,0.0,0.4088234,False
2026-03-31 00:00:00+00:00,0.0,0.45520353,False
2026-04-01 00:00:00+00:00,0.0,0.46102738,False
2026-04-02 00:00:00+00:00,0.0,0.42352718,False
2026-04-03 00:00:00+00:00,0.0,0.39513132,False
2026-04-04 00:00:00+00:00,0.0,0.38935304,False
2026-04-05 00:00:00+00:00,1.0,0.3775271,False
2026-04-06 00:00:00+00:00,1.0,0.34820765,False
2026-04-07 00:00:00+00:00,0.0,0.4128839,False
2026-04-08 00:00:00+00:00,0.0,0.4287354,False
2026-04-09 00:00:00+00:00,0.0,0.40713233,False
2026-04-10 00:00:00+00:00,1.0,0.35094973,False
2026-04-11 00:00:00+00:00,1.0,0.35159817,False
2026-04-12 00:00:00+00:00,0.0,0.4053778,False
2026-04-13 00:00:00+00:00,0.0,0.335155,False
2026-04-14 00:00:00+00:00,1.0,0.34941792,False
2026-04-15 00:00:00+00:00,0.0,0.34597993,False
2026-04-16 00:00:00+00:00,0.0,0.35039276,False
2026-04-17 00:00:00+00:00,0.0,0.389698,False
2026-04-18 00:00:00+00:00,1.0,0.3849483,False
2026-04-19 00:00:00+00:00,1.0,0.3641817,False
2026-04-20 00:00:00+00:00,1.0,0.34048375,False
2026-04-21 00:00:00+00:00,0.0,0.36391148,False
2026-04-22 00:00:00+00:00,1.0,0.3835914,False
2026-04-23 00:00:00+00:00,0.0,0.37392646,False
2026-04-24 00:00:00+00:00,0.0,0.3673744,False
2026-04-25 00:00:00+00:00,0.0,0.3415836,False
2026-04-26 00:00:00+00:00,1.0,0.37422505,False
2026-04-27 00:00:00+00:00,1.0,0.4026608,False
2026-04-28 00:00:00+00:00,1.0,0.38517523,False
2026-04-29 00:00:00+00:00,-1.0,0.350861,False
2026-04-30 00:00:00+00:00,1.0,0.37851745,False
2026-05-01 00:00:00+00:00,1.0,0.35732096,False
2026-05-02 00:00:00+00:00,-1.0,0.34732828,False
2026-05-03 00:00:00+00:00,1.0,0.34404153,False
2026-05-04 00:00:00+00:00,-1.0,0.33915865,False
2026-05-05 00:00:00+00:00,-1.0,0.35487294,False
2026-05-06 00:00:00+00:00,0.0,0.3430331,False
2026-05-07 00:00:00+00:00,1.0,0.3632846,False
2026-05-08 00:00:00+00:00,1.0,0.3405889,False
2026-05-09 00:00:00+00:00,0.0,0.35840034,False
2026-05-10 00:00:00+00:00,-1.0,0.34491467,False
2026-05-11 00:00:00+00:00,-1.0,0.34732077,False
2026-05-12 00:00:00+00:00,-1.0,0.34732077,False
2026-05-13 00:00:00+00:00,1.0,0.36404565,False
2026-05-14 00:00:00+00:00,-1.0,0.36724952,False
2026-05-15 00:00:00+00:00,1.0,0.3885963,False
2026-05-16 00:00:00+00:00,1.0,0.35656077,False
2026-05-17 00:00:00+00:00,1.0,0.37537867,False
2026-05-18 00:00:00+00:00,0.0,0.3540135,False
2026-05-19 00:00:00+00:00,0.0,0.39242595,False
2026-05-20 00:00:00+00:00,0.0,0.36053506,False
2026-05-21 00:00:00+00:00,0.0,0.37121093,False
2026-05-22 00:00:00+00:00,0.0,0.39390758,False
2026-05-23 00:00:00+00:00,0.0,0.36775947,False
2026-05-24 00:00:00+00:00,0.0,0.37649378,False
2026-05-25 00:00:00+00:00,0.0,0.37921777,False
2026-05-26 00:00:00+00:00,0.0,0.3831514,False
2026-05-27 00:00:00+00:00,1.0,0.35235092,False
2026-05-28 00:00:00+00:00,0.0,0.38468546,False
2026-05-29 00:00:00+00:00,0.0,0.45557508,False
2026-05-30 00:00:00+00:00,0.0,0.44948745,False
2026-05-31 00:00:00+00:00,0.0,0.44826797,False
2026-06-01 00:00:00+00:00,0.0,0.3749341,False
2026-06-02 00:00:00+00:00,-1.0,0.40129754,False
2026-06-03 00:00:00+00:00,-1.0,0.4388307,True
2026-06-04 00:00:00+00:00,0.0,0.352379,False
2026-06-05 00:00:00+00:00,-1.0,0.3553806,False
2026-06-06 00:00:00+00:00,0.0,0.4503708,False
2026-06-07 00:00:00+00:00,0.0,0.47749814,False
2026-06-08 00:00:00+00:00,0.0,0.5092505,False
2026-06-09 00:00:00+00:00,0.0,0.45049134,False
2026-06-10 00:00:00+00:00,0.0,0.49931636,False
2026-06-11 00:00:00+00:00,0.0,0.51882166,False
2026-06-12 00:00:00+00:00,0.0,0.50213087,False
2026-06-13 00:00:00+00:00,0.0,0.4131956,False
2026-06-14 00:00:00+00:00,0.0,0.49329752,False
2026-06-15 00:00:00+00:00,0.0,0.47588557,False
2026-06-16 00:00:00+00:00,0.0,0.48050317,False
2026-06-17 00:00:00+00:00,0.0,0.43510327,False
2026-06-18 00:00:00+00:00,0.0,0.5026105,False
2026-06-19 00:00:00+00:00,0.0,0.5091695,False
2026-06-20 00:00:00+00:00,0.0,0.43551502,False
2026-06-21 00:00:00+00:00,0.0,0.43952054,False
2026-06-22 00:00:00+00:00,0.0,0.43340907,False
2026-06-23 00:00:00+00:00,0.0,0.4338064,False
2026-06-24 00:00:00+00:00,-1.0,0.33695072,False
2026-06-25 00:00:00+00:00,0.0,0.36290815,False
2026-06-26 00:00:00+00:00,0.0,0.45622602,False
2026-06-27 00:00:00+00:00,0.0,0.4248763,False
2026-06-28 00:00:00+00:00,0.0,0.4433039,False
2026-06-29 00:00:00+00:00,0.0,0.450158,False
2026-06-30 00:00:00+00:00,0.0,0.3963646,False
2026-07-01 00:00:00+00:00,0.0,0.48549747,False
2026-07-02 00:00:00+00:00,0.0,0.487266,False
2026-07-03 00:00:00+00:00,0.0,0.49549022,False
2026-07-04 00:00:00+00:00,0.0,0.35989258,False
2026-07-05 00:00:00+00:00,-1.0,0.34848925,False
2026-07-06 00:00:00+00:00,-1.0,0.3505313,False
2026-07-07 00:00:00+00:00,-1.0,0.35657743,False
2026-07-08 00:00:00+00:00,0.0,0.3822816,False
2026-07-09 00:00:00+00:00,0.0,0.44286346,False
2026-07-10 00:00:00+00:00,0.0,0.36950487,False
2026-07-11 00:00:00+00:00,-1.0,0.36737266,False
2026-07-12 00:00:00+00:00,-1.0,0.38332632,False
2026-07-13 00:00:00+00:00,0.0,0.35092142,False
2026-07-14 00:00:00+00:00,-1.0,0.34176525,False
2026-07-15 00:00:00+00:00,0.0,0.42888683,False
2026-07-16 00:00:00+00:00,0.0,0.38857278,False
2026-07-17 00:00:00+00:00,0.0,0.37236717,False
2026-07-18 00:00:00+00:00,-1.0,0.35577258,False
2026-07-19 00:00:00+00:00,-1.0,0.36021373,False
2026-07-20 00:00:00+00:00,-1.0,0.3437922,False
2026-07-21 00:00:00+00:00,1.0,0.35568732,False
2026-07-22 00:00:00+00:00,1.0,0.3685012,False
2026-07-23 00:00:00+00:00,1.0,0.36595976,False
2026-07-24 00:00:00+00:00,1.0,0.38509956,False
2026-07-25 00:00:00+00:00,1.0,0.3886586,False
2026-07-26 00:00:00+00:00,-1.0,0.38022643,False
2026-07-27 00:00:00+00:00,0.0,0.36263993,False
2026-07-28 00:00:00+00:00,0.0,0.36306483,False
2026-07-29 00:00:00+00:00,0.0,0.3763309,False
2026-07-30 00:00:00+00:00,-1.0,0.34852195,False
2026-07-31 00:00:00+00:00,-1.0,0.39851975,False
2026-08-01 00:00:00+00:00,-1.0,0.42030686,False
2026-08-02 00:00:00+00:00,-1.0,0.36902824,False
2026-08-03 00:00:00+00:00,0.0,0.3863371,False
2026-08-04 00:00:00+00:00,-1.0,0.358041,False
2026-08-05 00:00:00+00:00,1.0,0.34514078,False
2026-08-06 00:00:00+00:00,0.0,0.35568264,False
2026-08-07 00:00:00+00:00,0.0,0.34887943,False
2026-08-08 00:00:00+00:00,-1.0,0.36386743,False
2026-08-09 00:00:00+00:00,-1.0,0.38420188,False
2026-08-10 00:00:00+00:00,0.0,0.36771783,False
2026-08-11 00:00:00+00:00,0.0,0.3475427,False
2026-08-12 00:00:00+00:00,0.0,0.36608157,False
2026-08-13 00:00:00+00:00,0.0,0.3680101,False
2026-08-14 00:00:00+00:00,-1.0,0.39851707,False
2026-08-15 00:00:00+00:00,-1.0,0.40616804,False
2026-08-16 00:00:00+00:00,0.0,0.426187,False
2026-08-17 00:00:00+00:00,0.0,0.36703384,False
2026-08-18 00:00:00+00:00,0.0,0.38549596,False
2026-08-19 00:00:00+00:00,0.0,0.49623832,False
2026-08-20 00:00:00+00:00,0.0,0.4778569,False
2026-08-21 00:00:00+00:00,0.0,0.48909858,False
2026-08-22 00:00:00+00:00,1.0,0.5219817,True
2026-08-23 00:00:00+00:00,1.0,0.5219817,True
2026-08-24 00:00:00+00:00,0.0,0.35452786,False
2026-08-25 00:00:00+00:00,1.0,0.48020166,True
2026-08-26 00:00:00+00:00,1.0,0.5144804,True
2026-08-27 00:00:00+00:00,0.0,0.34881783,False
2026-08-28 00:00:00+00:00,1.0,0.36333573,False
2026-08-29 00:00:00+00:00,1.0,0.38248786,False
2026-08-30 00:00:00+00:00,0.0,0.4039447,False
2026-08-31 00:00:00+00:00,0.0,0.38915685,False
2026-09-01 00:00:00+00:00,1.0,0.3675042,False
2026-09-02 00:00:00+00:00,0.0,0.39524937,False
2026-09-03 00:00:00+00:00,1.0,0.49321625,True
2026-09-04 00:00:00+00:00,0.0,0.40716118,False
2026-09-05 00:00:00+00:00,0.0,0.45218354,False
2026-09-06 00:00:00+00:00,0.0,0.3854823,False
2026-09-07 00:00:00+00:00,0.0,0.36327013,False
2026-09-08 00:00:00+00:00,0.0,0.37233084,False
2026-09-09 00:00:00+00:00,0.0,0.38805133,False
2026-09-10 00:00:00+00:00,0.0,0.3659534,False
2026-09-11 00:00:00+00:00,-1.0,0.34224623,False
2026-09-12 00:00:00+00:00,0.0,0.39423755,False
2026-09-13 00:00:00+00:00,0.0,0.4322381,False
2026-09-14 00:00:00+00:00,0.0,0.43078336,False
2026-09-15 00:00:00+00:00,0.0,0.35335612,False
2026-09-16 00:00:00+00:00,0.0,0.3927773,False
2026-09-17 00:00:00+00:00,0.0,0.42434826,False
2026-09-18 00:00:00+00:00,0.0,0.38909492,False
2026-09-19 00:00:00+00:00,0.0,0.44236192,False
2026-09-20 00:00:00+00:00,0.0,0.4104744,False
2026-09-21 00:00:00+00:00,0.0,0.36414167,False
2026-09-22 00:00:00+00:00,0.0,0.46055698,False
2026-09-23 00:00:00+00:00,0.0,0.41190186,False
2026-09-24 00:00:00+00:00,1.0,0.35954005,False
2026-09-25 00:00:00+00:00,1.0,0.3847417,False
2026-09-26 00:00:00+00:00,1.0,0.36352363,False
2026-09-27 00:00:00+00:00,1.0,0.40967676,False
2026-09-28 00:00:00+00:00,1.0,0.3809908,False
2026-09-29 00:00:00+00:00,1.0,0.4441772,True
