date,rozliczenia,komplet,suma_stawek,koszt,netto,netto_skum
2026-09-29,3,True,0.00019847,0.0019000000000000002,-0.0017015300000000001,-0.0017015300000000001
2026-09-30,3,True,0.00012428,0.0,0.00012428,-0.00157725
2026-10-01,3,True,0.000221,0.0,0.000221,-0.00135625
2026-10-02,3,True,0.00011872,0.0,0.00011872,-0.0012375300000000001
2026-10-03,3,True,-7.354e-05,0.0,-7.354e-05,-0.0013110700000000001
2026-10-04,3,True,-5.028e-05,0.0,-5.028e-05,-0.00136135
2026-10-05,3,True,0.00011822,0.0,0.00011822,-0.00124313
2026-10-06,3,True,7.089999999999999e-05,0.0,7.089999999999999e-05,-0.00117223
2026-10-07,3,True,2.183e-05,0.0,2.183e-05,-0.0011504
2026-10-08,3,True,0.00027265000000000004,0.0,0.00027265000000000004,-0.00087775
2026-10-09,3,True,0.00025887,0.0,0.00025887,-0.0006188799999999999
