date,skladowa,faza,netto
2026-09-24,coinbase,0,0.00010323560684659267
2026-09-24,coinbase,1,0.00010411400547650107
2026-09-24,coinbase,2,4.483573195124577e-05
2026-09-24,coinbase,3,0.00011488977870773517
2026-09-24,coinbase,4,0.00010907225653258089
2026-09-24,coinbase,5,0.00010988992468316803
2026-09-24,coinbase,6,0.00011076950258911919
2026-09-24,trend,0,0.005690313880490628
2026-09-24,trend,1,0.007692926493230204
2026-09-24,trend,2,0.0060341694430276465
2026-09-24,trend,3,0.007961781612469396
2026-09-24,trend,4,-0.0024559746571686455
2026-09-24,trend,5,0.003227504488041958
2026-09-24,trend,6,0.001959727334177767
2026-09-25,coinbase,0,-0.0034248879848405825
2026-09-25,coinbase,1,-0.003454024520802252
2026-09-25,coinbase,2,-0.0034640787499960113
2026-09-25,coinbase,3,-0.0035522206464635156
2026-09-25,coinbase,4,-0.0036184885113391546
2026-09-25,coinbase,5,-0.003645610121958997
2026-09-25,coinbase,6,-0.0036747851684060355
2026-09-25,trend,0,0.01449584712752879
2026-09-25,trend,1,0.014970574143562503
2026-09-25,trend,2,0.014173425556428806
2026-09-25,trend,3,0.013494995545801561
2026-09-25,trend,4,0.0024218691322199126
2026-09-25,trend,5,0.014104232636233541
2026-09-25,trend,6,0.011973874365379455
2026-09-25,x1,0,0.0708079032384651
2026-09-25,x1,1,0.06633715922253049
2026-09-25,x1,2,0.059129557800196485
2026-09-25,x1,3,0.05544987514144931
2026-09-25,x1,4,0.048151488234703665
2026-09-25,x1,5,0.06787800961476428
2026-09-25,x1,6,0.059033576287664966
2026-09-26,coinbase,0,0.00372207212222354
2026-09-26,coinbase,1,0.003753845716725989
2026-09-26,coinbase,2,0.0037648103509346814
2026-09-26,coinbase,3,0.0037961203326528485
2026-09-26,coinbase,4,0.0038096590602429295
2026-09-26,coinbase,5,0.0039628170363602356
2026-09-26,coinbase,6,0.003994646607160235
2026-09-26,trend,0,-0.0054059566914180955
2026-09-26,trend,1,-0.005357102037457575
2026-09-26,trend,2,-0.004930388183977932
2026-09-26,trend,3,-0.005156125164885878
2026-09-26,trend,4,-0.004472456535290022
2026-09-26,trend,5,-0.004759673360542745
2026-09-26,trend,6,-0.0028488345277663304
2026-09-26,x1,0,-0.03911389760479728
2026-09-26,x1,1,-0.03760684267757921
2026-09-26,x1,2,-0.03162147506447916
2026-09-26,x1,3,-0.03409738215679158
2026-09-26,x1,4,-0.02796272269757564
2026-09-26,x1,5,-0.04640254455959955
2026-09-26,x1,6,-0.039908958880755616
2026-09-27,coinbase,0,0.0002542979978168244
2026-09-27,coinbase,1,0.00025646060065013306
2026-09-27,coinbase,2,0.0002572068532242694
2026-09-27,coinbase,3,0.00025933771847786634
2026-09-27,coinbase,4,0.00026149049423805236
2026-09-27,coinbase,5,0.0002455297635526327
2026-09-27,coinbase,6,0.0002728457008308716
2026-09-27,trend,0,0.0019193619748983102
2026-09-27,trend,1,0.0020760963524613664
2026-09-27,trend,2,0.001456967577758704
2026-09-27,trend,3,0.0012468562103104075
2026-09-27,trend,4,0.00042327155895010915
2026-09-27,trend,5,-9.56337451124187e-05
2026-09-27,trend,6,0.0024333596199981092
2026-09-27,x1,0,0.030411256119996708
2026-09-27,x1,1,0.027418654282615394
2026-09-27,x1,2,0.0211442334124114
2026-09-27,x1,3,0.019251165509927178
2026-09-27,x1,4,0.01441626392677149
2026-09-27,x1,5,0.01989539001569328
2026-09-27,x1,6,0.024033899573599034
