miesiac,symbol,pozycja,sredni_obrot_30d,czlonek_top20,funding_pobrany
2026-09,BTCUSDT,1,10156118526,True,True
2026-09,ETHUSDT,2,7776107119,True,True
2026-09,SOLUSDT,3,1726668285,True,True
2026-09,XRPUSDT,4,1036705388,True,True
2026-09,ZECUSDT,5,859547606,True,True
2026-09,HYPEUSDT,6,711270692,True,True
2026-09,DOGEUSDT,7,381237919,True,True
2026-09,BNBUSDT,8,307661402,True,True
2026-09,TRUMPUSDT,9,304136262,True,True
2026-09,TUTUSDT,10,279691194,True,True
2026-09,ENAUSDT,11,262717706,True,True
2026-09,1000PEPEUSDT,12,214742239,True,True
2026-09,PUMPUSDT,13,208013561,True,True
2026-09,ACEUSDT,14,190517998,True,True
2026-09,SUIUSDT,15,172118827,True,True
2026-09,ADAUSDT,16,166396597,True,True
2026-09,CYSUSDT,17,164457242,True,True
2026-09,LINKUSDT,18,148876683,True,True
2026-09,AKEUSDT,19,148561138,True,True
2026-09,BTWUSDT,20,139599885,True,True
2026-09,BLESSUSDT,21,138799860,False,False
2026-09,WLDUSDT,22,131579702,False,True
2026-09,ONGUSDT,23,125106449,False,False
2026-09,BEATUSDT,24,114193704,False,True
2026-09,UNIUSDT,25,109752079,False,True
2026-09,BTRUSDT,26,106479185,False,False
2026-09,NEARUSDT,27,106022886,False,True
2026-09,HEIUSDT,28,101774878,False,False
2026-09,PROMUSDT,29,100311672,False,False
2026-09,BICOUSDT,30,99269288,False,False
2026-09,AAVEUSDT,31,94175261,False,False
2026-09,TAOUSDT,32,90258877,False,True
2026-09,APRUSDT,33,90155381,False,False
2026-09,PAXGUSDT,34,82959456,False,True
2026-09,AVAXUSDT,35,82063859,False,True
2026-09,HEMIUSDT,36,79672008,False,False
2026-09,BCHUSDT,37,71553725,False,True
2026-09,HOMEUSDT,38,70060037,False,False
2026-09,BANKUSDT,39,66855123,False,True
2026-09,ONDOUSDT,40,65221094,False,True
2026-09,VELVETUSDT,41,64251118,False,True
2026-09,LITUSDT,42,57979505,False,False
2026-09,PENGUUSDT,43,57529755,False,True
2026-09,SKRUSDT,44,56319444,False,False
2026-09,BMTUSDT,45,56299938,False,False
2026-09,GPSUSDT,46,55091917,False,False
2026-09,LTCUSDT,47,53184612,False,True
2026-09,FILUSDT,48,51224230,False,True
2026-09,XLMUSDT,49,50661161,False,True
2026-09,KAITOUSDT,50,50429714,False,False
