date,skladowa,cena,funding,koszt,netto,obrot,likwidacje,r_long,r_short
2026-09-24,coinbase,0.00016870482910568506,-6.064937304270407e-05,-8.511626521989168e-06,9.954382954099181e-05,0.012159466459984527,0,,
2026-09-24,trend,0.004381786528377228,-6.701144369665753e-05,-1.3282428356433714e-05,0.004301492656324136,0.018974897652048163,0,,
2026-09-25,coinbase,-0.0035095146353972826,-2.9722933354562086e-05,-8.49038893480506e-06,-0.0035477279576866497,0.012129127049721513,0,,
2026-09-25,trend,0.01231791344521064,-7.108292116918114e-05,-1.3285023019376758e-05,0.012233545501022083,0.01897860431339537,1,,
2026-09-25,x1,0.06152146323439099,-0.00048698845427063385,-6.4821988724029e-05,0.06096965279139633,0.09260284103432713,0,0.14096023447560227,0.01791730800682028
2026-09-26,coinbase,0.003880124742991095,-4.84009669696347e-05,-2.585029407108774e-06,0.0038291387466143517,0.003692899153012535,0,,
2026-09-26,trend,-0.0046313383931674,-3.83834937724186e-05,-3.46404703942637e-05,-0.004704362357334082,0.04948638627751957,2,,
2026-09-26,x1,-0.0365537093146114,-2.8237339951968306e-05,-9.145672280491623e-05,-0.03667340337736829,0.13065246114988033,0,-0.053154326147571304,0.019953092481651512
2026-09-27,coinbase,0.00032813227082311195,-6.739537199191695e-05,-2.5698804325306915e-06,0.0002581670183986643,0.0036712577607581304,0,,
2026-09-27,trend,0.0014046001591363367,-3.54483352838686e-05,-1.7683316814669652e-05,0.0013514685070377982,0.02526188116381379,2,,
2026-09-27,x1,0.022455574108348624,-5.193469154953874e-05,-3.637329665415976e-05,0.022367266120144925,0.05196185236308537,0,0.04334821951716227,-0.0015629286995349765
2026-09-28,coinbase,-0.010728366939349603,-5.501695200971317e-05,-2.56279055105475e-06,-0.01078594668191037,0.003661129358649643,0,,
2026-09-28,trend,-0.00517245962857379,-4.113060746546977e-05,-2.4995686767796312e-05,-0.005238585922807057,0.03570812395399473,0,,
2026-09-28,x1,0.0002751878359989785,-0.0001021712166861177,-7.432499623712084e-05,9.869162307574002e-05,0.10617856605302976,0,-0.05556547329110043,-0.056115848963098396
2026-09-29,coinbase,0.001837689390451772,-0.00011287866168850093,-4.75587106320795e-06,0.001720054857700063,0.0067941015188685006,0,,
2026-09-29,trend,-0.0046612041493669,-6.424102476037382e-05,-9.04521019700694e-06,-0.004734490384324281,0.012921728852867057,2,,
2026-09-29,x1,-0.009028815209857443,-0.00011365302579909277,-5.307826416397659e-05,-0.009195546499820512,0.07582609166282371,0,0.023611561802284402,0.04166919222199928
2026-09-30,coinbase,-0.0005378884409998712,-0.00013285356839192334,-4.747869321867992e-06,-0.0006754898787136625,0.006782670459811417,0,,
2026-09-30,trend,0.0026872757511779,-5.632426540958674e-05,-1.1295629047901782e-05,0.002619655856720411,0.016136612925573973,0,,
2026-09-30,x1,-0.00034372295955349474,-0.00014072490534419122,-3.845759698465469e-05,-0.0005229054618823408,0.054939424263792426,0,0.014934590602388434,0.015622036521495424
2026-10-01,coinbase,0.014276502287948066,-0.00018601201858126543,-5.284350337467635e-06,0.014085205919029333,0.0075490719106680515,0,,
2026-10-01,trend,-0.0007966999519302097,-7.508444174892565e-05,-6.674260718685878e-06,-0.0008784586543978211,0.009534658169551255,0,,
2026-10-01,x1,-0.009916319312910779,-0.0002460135473713302,-3.6130517617078195e-05,-0.010198463377899187,0.051615025167254566,0,-0.015490681661417122,0.0043419569644044375
