date,btc_vol30,vol_stan,btc_r90,trend90
2026-09-24,0.436888,srednia,0.404481,1
2026-09-25,0.437249,srednia,0.400926,1
2026-09-26,0.434751,srednia,0.417347,1
2026-09-27,0.419337,niska,0.401965,1
2026-09-28,0.422263,niska,0.424118,1
2026-09-29,0.420836,niska,0.393751,1
2026-09-30,0.419687,niska,0.358077,1
2026-10-01,0.417358,niska,0.355853,1
2026-10-02,0.417857,niska,0.338558,1
2026-10-03,0.380852,niska,0.33157,1
2026-10-04,0.378492,niska,0.350796,1
2026-10-05,0.380725,niska,0.353385,1
2026-10-06,0.380869,niska,0.373498,1
2026-10-07,0.388881,niska,0.317814,1
2026-10-08,0.394111,niska,0.274156,1
