as_of,skladowa,faza,symbol,kierunek,data_wejscia,cena_wejscia,cena_biezaca,planowane_wyjscie,dzwignia,waga,k,wielkosc_proc_kapitalu,depozyt_proc_kapitalu,zwrot_biezacy_proc,przed_startem
2026-09-29,premia_coinbase,0,BTCUSDT,long,2026-09-28,83461.0,83624.5,2026-10-05,3.0,0.1370299326769968,0.31343836876340647,4.295043857003729,1.4316812856679098,0.19589988138173364,False
2026-09-29,premia_coinbase,1,BTCUSDT,long,2026-09-29,83624.5,83624.5,2026-10-06,3.0,0.13815823328735694,0.31343836876340647,4.330409127282333,1.4434697090941109,0.0,False
2026-09-29,premia_coinbase,2,BTCUSDT,long,2026-09-23,84355.1,83624.5,2026-09-30,3.0,0.1318498227418023,0.3426151857028053,4.517375150356456,1.5057917167854853,-0.8661005677190858,False
2026-09-29,premia_coinbase,3,BTCUSDT,long,2026-09-24,84370.0,83624.5,2026-10-01,3.0,0.13294436083343145,0.3426151857028053,4.554875687508687,1.518291895836229,-0.8836079175062239,False
2026-09-29,premia_coinbase,4,BTCUSDT,long,2026-09-25,84056.0,83624.5,2026-10-02,3.0,0.1340174775130761,0.3426151857028053,4.591642294556411,1.5305474315188035,-0.5133482440277892,False
2026-09-29,premia_coinbase,5,BTCUSDT,long,2026-09-26,84403.3,83624.5,2026-10-03,3.0,0.13509147294627435,0.3426151857028053,4.628439009035329,1.5428130030117764,-0.9227127375351474,False
2026-09-29,premia_coinbase,6,BTCUSDT,long,2026-09-27,84432.9,83624.5,2026-10-04,3.0,0.13621268553691188,0.31343836876340647,4.269428195957251,1.4231427319857504,-0.957446682513563,False
2026-09-29,trend,0,1000PEPEUSDT,long,2026-09-28,0.004211,0.0042531,2026-10-05,2.0,0.0027282624906158873,0.5739424784225385,0.156586573565133,0.0782932867825665,0.9997625267157417,False
2026-09-29,trend,0,ACEUSDT,long,2026-09-28,0.1848,0.17903,2026-10-05,2.0,0.001003838320492539,0.5739424784225385,0.05761454535990063,0.028807272679950317,-3.1222943722943763,False
2026-09-29,trend,0,ADAUSDT,long,2026-09-28,0.2472,0.2443,2026-10-05,2.0,0.003676493686093065,0.5739424784225385,0.2110095898101068,0.1055047949050534,-1.173139158576053,False
2026-09-29,trend,0,AKEUSDT,long,2026-09-28,0.032056,0.030389,2026-10-05,2.0,0.0004859803385313702,0.5739424784225385,0.027892475996131892,0.013946237998065946,-5.200274519590719,False
2026-09-29,trend,0,BNBUSDT,long,2026-09-28,764.33,759.2,2026-10-05,2.0,0.00717285903611755,0.5739424784225385,0.4116808492564808,0.2058404246282404,-0.6711760626954333,False
2026-09-29,trend,0,BTCUSDT,long,2026-09-28,83461.0,83624.5,2026-10-05,2.0,0.00685149663384984,0.5739424784225385,0.3932364958935457,0.19661824794677285,0.19589988138173364,False
2026-09-29,trend,0,BTWUSDT,long,2026-09-28,1.1182,1.3895,2026-10-05,2.0,0.0009323864506431778,0.5739424784225385,0.053513619032973934,0.026756809516486967,24.262207118583422,False
2026-09-29,trend,0,CYSUSDT,short,2026-09-28,0.1562,0.1633,2026-10-05,2.0,-0.0009604147720286675,0.5739424784225385,0.05512228345717508,0.02756114172858754,-4.545454545454541,False
2026-09-29,trend,0,DOGEUSDT,long,2026-09-28,0.09389,0.09385,2026-10-05,2.0,0.0040892847597169485,0.5739424784225385,0.23470142299674607,0.11735071149837303,-0.042603046117795085,False
2026-09-29,trend,0,ENAUSDT,long,2026-09-28,0.25658,0.24833,2026-10-05,2.0,0.002139008067801956,0.5739424784225385,0.12276675918000599,0.06138337959000299,-3.2153714241172304,False
2026-09-29,trend,0,ETHUSDT,long,2026-09-28,2687.55,2676.94,2026-10-05,2.0,0.005069269845015173,0.5739424784225385,0.2909469298640646,0.1454734649320323,-0.3947833528678557,False
2026-09-29,trend,0,HYPEUSDT,long,2026-09-28,87.467,86.023,2026-10-05,2.0,0.0034609237451419137,0.5739424784225385,0.1986371151918164,0.0993185575959082,-1.6509083425749194,False
2026-09-29,trend,0,LINKUSDT,long,2026-09-28,15.443,14.598,2026-10-05,2.0,0.003944027039661972,0.5739424784225385,0.22636446541091,0.113182232705455,-5.471734766560898,False
2026-09-29,trend,0,PUMPUSDT,long,2026-09-28,0.004928,0.005885,2026-10-05,2.0,0.002082284327581568,0.5739424784225385,0.11951114277525743,0.059755571387628714,19.41964285714284,False
2026-09-29,trend,0,SOLUSDT,long,2026-09-28,118.82,119.09,2026-10-05,2.0,0.0045698102917734965,0.5739424784225385,0.26228082447813045,0.13114041223906522,0.22723447231107752,False
2026-09-29,trend,0,SUIUSDT,long,2026-09-28,1.1671,1.1519,2026-10-05,2.0,0.002930753579851841,0.5739424784225385,0.1682083973265893,0.08410419866329465,-1.302373404164181,False
2026-09-29,trend,0,TRUMPUSDT,short,2026-09-28,2.008,2.026,2026-10-05,2.0,-0.0024952979960262247,0.5739424784225385,0.14321575162420852,0.07160787581210426,-0.8964143426294813,False
2026-09-29,trend,0,TUTUSDT,short,2026-09-28,0.02319,0.02355,2026-10-05,2.0,-0.0007074411107575191,0.5739424784225385,0.04060305044461641,0.020301525222308204,-1.5523932729625045,False
2026-09-29,trend,0,XRPUSDT,long,2026-09-28,1.4961,1.49,2026-10-05,2.0,0.00406224554135082,0.5739424784225385,0.23314952739637965,0.11657476369818982,-0.40772675623287347,False
2026-09-29,trend,0,ZECUSDT,long,2026-09-28,1482.85,1416.79,2026-10-05,2.0,0.0020240754128549505,0.5739424784225385,0.11617028589680932,0.05808514294840466,-4.454934754020967,False
2026-09-29,trend,1,1000PEPEUSDT,long,2026-09-29,0.0042531,0.0042531,2026-10-06,2.0,0.0027501490992444767,0.5739424784225385,0.1578427390051887,0.07892136950259435,0.0,False
2026-09-29,trend,1,ACEUSDT,short,2026-09-29,0.17903,0.17903,2026-10-06,2.0,-0.0010118014439054052,0.5739424784225385,0.05807158283865713,0.029035791419328567,-0.0,False
2026-09-29,trend,1,ADAUSDT,long,2026-09-29,0.2443,0.2443,2026-10-06,2.0,0.00370444709155091,0.5739424784225385,0.21261395449098935,0.10630697724549468,0.0,False
2026-09-29,trend,1,AKEUSDT,long,2026-09-29,0.030389,0.030389,2026-10-06,2.0,0.0004899059345745421,0.5739424784225385,0.02811778262836227,0.014058891314181135,0.0,False
2026-09-29,trend,1,BNBUSDT,long,2026-09-29,759.2,759.2,2026-10-06,2.0,0.0072261659377527284,0.5739424784225385,0.4147403587806328,0.2073701793903164,0.0,False
2026-09-29,trend,1,BTCUSDT,long,2026-09-29,83624.5,83624.5,2026-10-06,2.0,0.006907911664367847,0.5739424784225385,0.39647439413712454,0.19823719706856227,0.0,False
2026-09-29,trend,1,BTWUSDT,long,2026-09-29,1.3895,1.3895,2026-10-06,2.0,0.0009210867699778449,0.5739424784225385,0.0528650823603295,0.02643254118016475,0.0,False
2026-09-29,trend,1,CYSUSDT,short,2026-09-29,0.1633,0.1633,2026-10-06,2.0,-0.0009677587547937636,0.5739424784225385,0.055543785824144244,0.027771892912072122,-0.0,False
2026-09-29,trend,1,DOGEUSDT,long,2026-09-29,0.09385,0.09385,2026-10-06,2.0,0.004123227989522256,0.5739424784225385,0.23664956914075846,0.11832478457037923,0.0,False
2026-09-29,trend,1,ENAUSDT,long,2026-09-29,0.24833,0.24833,2026-10-06,2.0,0.0021529728105124054,0.5739424784225385,0.12356825508418284,0.06178412754209142,0.0,False
2026-09-29,trend,1,ETHUSDT,long,2026-09-29,2676.94,2676.94,2026-10-06,2.0,0.005110590400088498,0.5739424784225385,0.29331849204292254,0.14665924602146127,0.0,False
2026-09-29,trend,1,HYPEUSDT,long,2026-09-29,86.023,86.023,2026-10-06,2.0,0.00348541667476917,0.5739424784225385,0.20004286846522606,0.10002143423261303,0.0,False
2026-09-29,trend,1,LINKUSDT,long,2026-09-29,14.598,14.598,2026-10-06,2.0,0.0039094835755921365,0.5739424784225385,0.22438186927275589,0.11219093463637794,0.0,False
2026-09-29,trend,1,PUMPUSDT,long,2026-09-29,0.005885,0.005885,2026-10-06,2.0,0.0019822038824371304,0.5739424784225385,0.11376710090247448,0.05688355045123724,0.0,False
2026-09-29,trend,1,SOLUSDT,long,2026-09-29,119.09,119.09,2026-10-06,2.0,0.004607562167888714,0.5739424784225385,0.2644475650123973,0.13222378250619865,0.0,False
2026-09-29,trend,1,SUIUSDT,long,2026-09-29,1.1519,1.1519,2026-10-06,2.0,0.0029534803398343994,0.5739424784225385,0.16951278262167965,0.08475639131083983,0.0,False
2026-09-29,trend,1,TRUMPUSDT,short,2026-09-29,2.026,2.026,2026-10-06,2.0,-0.0025155440572114983,0.5739424784225385,0.14437775907770553,0.07218887953885277,-0.0,False
2026-09-29,trend,1,TUTUSDT,short,2026-09-29,0.02355,0.02355,2026-10-06,2.0,-0.0007132819888661289,0.5739424784225385,0.04093828325039836,0.02046914162519918,-0.0,False
2026-09-29,trend,1,XRPUSDT,long,2026-09-29,1.49,1.49,2026-10-06,2.0,0.004095550215576792,0.5739424784225385,0.23506102412321062,0.11753051206160531,0.0,False
2026-09-29,trend,1,ZECUSDT,long,2026-09-29,1416.79,1416.79,2026-10-06,2.0,0.0020347214966074797,0.5739424784225385,0.11678130986625136,0.05839065493312568,0.0,False
2026-09-29,trend,2,1000PEPEUSDT,long,2026-09-23,0.0043318,0.0042531,2026-09-30,2.0,0.0026368451634840996,0.5699873952881126,0.15029685065123594,0.07514842532561797,-1.8167967126829554,False
2026-09-29,trend,2,ACEUSDT,short,2026-09-23,0.1834,0.17903,2026-09-30,2.0,-0.0009684260165135029,0.5699873952881126,0.055199062268177425,0.027599531134088712,2.382769901853876,False
2026-09-29,trend,2,ADAUSDT,long,2026-09-23,0.2382,0.2443,2026-09-30,2.0,0.003611723314097633,0.5699873952881126,0.20586367643038597,0.10293183821519299,2.5608732157850422,False
2026-09-29,trend,2,AKEUSDT,long,2026-09-23,0.043341,0.030389,2026-09-30,2.0,0.0004679740391206574,0.5699873952881126,0.02667393036208408,0.01333696518104204,-29.883943609976694,False
2026-09-29,trend,2,BNBUSDT,long,2026-09-23,767.76,759.2,2026-09-30,2.0,0.006959584281258377,0.5699873952881126,0.39668753167625537,0.19834376583812768,-1.1149317495050437,False
2026-09-29,trend,2,BTCUSDT,long,2026-09-23,84355.1,83624.5,2026-09-30,2.0,0.006592491137090115,0.5699873952881126,0.3757636851689962,0.1878818425844981,-0.8661005677190858,False
2026-09-29,trend,2,BTWUSDT,long,2026-09-23,1.0379,1.3895,2026-09-30,2.0,0.0009856720424161456,0.5699873952881126,0.05618206400650929,0.028091032003254645,33.87609596300221,False
2026-09-29,trend,2,CYSUSDT,short,2026-09-23,0.1701,0.1633,2026-09-30,2.0,-0.0009264650443613088,0.5699873952881126,0.0528073397460988,0.0264036698730494,3.9976484420928826,False
2026-09-29,trend,2,DOGEUSDT,long,2026-09-23,0.09267,0.09385,2026-09-30,2.0,0.004011368117128946,0.5699873952881126,0.22864292646241083,0.11432146323120541,1.2733354915290818,False
2026-09-29,trend,2,ENAUSDT,long,2026-09-23,0.20601,0.24833,2026-09-30,2.0,0.002234882766413802,0.5699873952881126,0.12738550068024942,0.06369275034012471,20.542692102325134,False
2026-09-29,trend,2,ETHUSDT,long,2026-09-23,2683.41,2676.94,2026-09-30,2.0,0.004864623730907116,0.5699873952881126,0.27727742094364877,0.13863871047182438,-0.24111112353311093,False
2026-09-29,trend,2,HYPEUSDT,long,2026-09-23,94.024,86.023,2026-09-30,2.0,0.003359534429966456,0.5699873952881126,0.19148922791173145,0.09574461395586573,-8.509529481834432,False
2026-09-29,trend,2,LINKUSDT,long,2026-09-23,12.346,14.598,2026-09-30,2.0,0.004246853844337995,0.5699873952881126,0.2420653160903521,0.12103265804517604,18.24072574113074,False
2026-09-29,trend,2,SOLUSDT,long,2026-09-23,114.95,119.09,2026-09-30,2.0,0.004482839954824003,0.5699873952881126,0.2555162269343614,0.1277581134671807,3.6015658982166077,False
2026-09-29,trend,2,SUIUSDT,long,2026-09-23,0.9595,1.1519,2026-09-30,2.0,0.0033529056311573345,0.5699873952881126,0.19111139473502142,0.09555569736751071,20.0521104742053,False
2026-09-29,trend,2,TRUMPUSDT,short,2026-09-23,1.963,2.026,2026-09-30,2.0,-0.002430942264373586,0.5699873952881126,0.1385606449366087,0.06928032246830435,-3.209373408048899,False
2026-09-29,trend,2,TUTUSDT,short,2026-09-23,0.02469,0.02355,2026-09-30,2.0,-0.0006811763165267935,0.5699873952881126,0.0388261914389058,0.0194130957194529,4.617253948967193,False
2026-09-29,trend,2,XRPUSDT,long,2026-09-23,1.4999,1.49,2026-09-30,2.0,0.003941669316906838,0.5699873952881126,0.22467018270308026,0.11233509135154013,-0.6600440029335353,False
2026-09-29,trend,2,ZECUSDT,long,2026-09-23,1498.0,1416.79,2026-09-30,2.0,0.0019739741327649465,0.5699873952881126,0.11251403743008027,0.05625701871504014,-5.421228304405878,False
2026-09-29,trend,3,1000PEPEUSDT,long,2026-09-24,0.0044214,0.0042531,2026-10-01,2.0,0.0026557928925456695,0.5699873952881126,0.15137684732467885,0.07568842366233942,-3.8064866331930958,False
2026-09-29,trend,3,ACEUSDT,short,2026-09-24,0.18761,0.17903,2026-10-01,2.0,-0.0009762859801533084,0.5699873952881126,0.05564707028838862,0.02782353514419431,4.573316987367415,False
2026-09-29,trend,3,ADAUSDT,long,2026-09-24,0.2476,0.2443,2026-10-01,2.0,0.003614442019071132,0.5699873952881126,0.20601863918702615,0.10300931959351307,-1.3327948303715642,False
2026-09-29,trend,3,AKEUSDT,long,2026-09-24,0.035753,0.030389,2026-10-01,2.0,0.00047068869436264944,0.5699873952881126,0.026828662289132908,0.013414331144566454,-15.00293681649093,False
2026-09-29,trend,3,BNBUSDT,long,2026-09-24,777.14,759.2,2026-10-01,2.0,0.006998527798825092,0.5699873952881126,0.3989072630903762,0.1994536315451881,-2.3084643693542906,False
2026-09-29,trend,3,BTCUSDT,long,2026-09-24,84370.0,83624.5,2026-10-01,2.0,0.006647218041671572,0.5699873952881126,0.3788830497484528,0.1894415248742264,-0.8836079175062239,False
2026-09-29,trend,3,BTWUSDT,long,2026-09-24,0.9533,1.3895,2026-10-01,2.0,0.0009925617579157797,0.5699873952881126,0.05657476910570055,0.028287384552850275,45.75684464491765,False
2026-09-29,trend,3,CYSUSDT,short,2026-09-24,0.1844,0.1633,2026-10-01,2.0,-0.0009320996478545577,0.5699873952881126,0.053128505042958636,0.026564252521479318,11.442516268980485,False
2026-09-29,trend,3,DOGEUSDT,long,2026-09-24,0.09573,0.09385,2026-10-01,2.0,0.004018476016380393,0.5699873952881126,0.22904806776044112,0.11452403388022056,-1.963856680246523,False
2026-09-29,trend,3,ENAUSDT,long,2026-09-24,0.22455,0.24833,2026-10-01,2.0,0.00222020780440521,0.5699873952881126,0.12654904634312653,0.06327452317156326,10.590069026942771,False
2026-09-29,trend,3,ETHUSDT,long,2026-09-24,2686.65,2676.94,2026-10-01,2.0,0.004904946322239042,0.5699873952881126,0.27957575782410393,0.13978787891205197,-0.36141663409823277,False
2026-09-29,trend,3,HYPEUSDT,long,2026-09-24,92.063,86.023,2026-10-01,2.0,0.0033812430879527596,0.5699873952881126,0.19272659405381282,0.09636329702690641,-6.560724721114896,False
2026-09-29,trend,3,LINKUSDT,long,2026-09-24,13.215,14.598,2026-10-01,2.0,0.004146240718499543,0.5699873952881126,0.2363304947375067,0.11816524736875335,10.465380249716238,False
2026-09-29,trend,3,SOLUSDT,long,2026-09-24,116.99,119.09,2026-10-01,2.0,0.004509430201525016,0.5699873952881126,0.25703183748007924,0.12851591874003962,1.7950252158304147,False
2026-09-29,trend,3,SUIUSDT,long,2026-09-24,1.0137,1.1519,2026-10-01,2.0,0.003336424816002098,0.5699873952881126,0.19017200904476564,0.09508600452238282,13.63322481996645,False
2026-09-29,trend,3,TRUMPUSDT,short,2026-09-24,2.075,2.026,2026-10-01,2.0,-0.0024337347044129866,0.5699873952881126,0.1387198104990643,0.06935990524953214,2.361445783132543,False
2026-09-29,trend,3,TUTUSDT,short,2026-09-24,0.02716,0.02355,2026-10-01,2.0,-0.0006856456089134606,0.5699873952881126,0.03908093547153153,0.019540467735765767,13.291605301914577,False
2026-09-29,trend,3,XRPUSDT,long,2026-09-24,1.534,1.49,2026-10-01,2.0,0.00396254929258446,0.5699873952881126,0.22586031499809694,0.11293015749904847,-2.8683181225554133,False
2026-09-29,trend,3,ZECUSDT,long,2026-09-24,1545.73,1416.79,2026-10-01,2.0,0.0019874335513122123,0.5699873952881126,0.11328120732206513,0.05664060366103257,-8.341689687073428,False
2026-09-29,trend,4,1000PEPEUSDT,long,2026-09-25,0.0044875,0.0042531,2026-10-02,2.0,0.0026762688238898594,0.5699873952881126,0.15254394960197615,0.07627197480098807,-5.223398328690809,False
2026-09-29,trend,4,ACEUSDT,short,2026-09-25,0.1944,0.17903,2026-10-02,2.0,-0.0009839331972641904,0.5699873952881126,0.05608295202461206,0.02804147601230603,7.906378600823039,False
2026-09-29,trend,4,ADAUSDT,long,2026-09-25,0.2586,0.2443,2026-10-02,2.0,0.003609918714947522,0.5699873952881126,0.20576081655347486,0.10288040827673743,-5.529775715390572,False
2026-09-29,trend,4,AKEUSDT,long,2026-09-25,0.032779,0.030389,2026-10-02,2.0,0.00047433303230178116,0.5699873952881126,0.027036384958080445,0.013518192479040222,-7.291253546477938,False
2026-09-29,trend,4,BNBUSDT,long,2026-09-25,777.53,759.2,2026-10-02,2.0,0.0070565961524192205,0.5699873952881126,0.4022170860517549,0.20110854302587744,-2.3574653068048734,False
2026-09-29,trend,4,BTCUSDT,long,2026-09-25,84056.0,83624.5,2026-10-02,2.0,0.006700873875653805,0.5699873952881126,0.38194136465380724,0.19097068232690362,-0.5133482440277892,False
2026-09-29,trend,4,BTWUSDT,long,2026-09-25,1.3154,1.3895,2026-10-02,2.0,0.0009447267780314251,0.5699873952881126,0.05384823554690629,0.026924117773453146,5.63326744716437,False
2026-09-29,trend,4,CYSUSDT,short,2026-09-25,0.1854,0.1633,2026-10-02,2.0,-0.0009398947991867717,0.5699873952881126,0.05357281884333117,0.026786409421665585,11.920172599784252,False
2026-09-29,trend,4,DOGEUSDT,long,2026-09-25,0.09893,0.09385,2026-10-02,2.0,0.004024857747824757,0.5699873952881126,0.22941181840878122,0.11470590920439061,-5.134943899727085,False
2026-09-29,trend,4,ENAUSDT,long,2026-09-25,0.26801,0.24833,2026-10-02,2.0,0.0020988432080882116,0.5699873952881126,0.11963141732963457,0.05981570866481729,-7.343009589194449,False
2026-09-29,trend,4,ETHUSDT,long,2026-09-25,2690.56,2676.94,2026-10-02,2.0,0.004945572567565881,0.5699873952881126,0.281891402599522,0.140945701299761,-0.5062143196955193,False
2026-09-29,trend,4,HYPEUSDT,long,2026-09-25,92.368,86.023,2026-10-02,2.0,0.0034091542456663355,0.5699873952881126,0.1943174948622765,0.09715874743113825,-6.869262082106353,False
2026-09-29,trend,4,LINKUSDT,long,2026-09-25,13.924,14.598,2026-10-02,2.0,0.0041056212500320466,0.5699873952881126,0.23401523623452913,0.11700761811726457,4.84056305659295,False
2026-09-29,trend,4,PUMPUSDT,short,2026-09-25,0.004194,0.005885,2026-10-02,2.0,-0.0021490442847718425,0.5699873952881126,0.12249281542359074,0.06124640771179537,-40.31950405340963,False
2026-09-29,trend,4,SOLUSDT,long,2026-09-25,122.1,119.09,2026-10-02,2.0,0.004482508416565717,0.5699873952881126,0.25549732967153355,0.12774866483576677,-2.465192465192456,False
2026-09-29,trend,4,SUIUSDT,long,2026-09-25,1.1943,1.1519,2026-10-02,2.0,0.0029929661271175315,0.5699873952881126,0.1705952966981272,0.0852976483490636,-3.5501967679812396,False
2026-09-29,trend,4,TRUMPUSDT,short,2026-09-25,2.122,2.026,2026-10-02,2.0,-0.0024511644015132324,0.5699873952881126,0.13971328126414728,0.06985664063207364,4.524033930254479,False
2026-09-29,trend,4,TUTUSDT,short,2026-09-25,0.026,0.02355,2026-10-02,2.0,-0.0006911168704581032,0.5699873952881126,0.039392790483208616,0.019696395241604308,9.423076923076913,False
2026-09-29,trend,4,XRPUSDT,long,2026-09-25,1.5677,1.49,2026-10-02,2.0,0.003984207752913141,0.5699873952881126,0.22709481993696654,0.11354740996848327,-4.956305415576967,False
2026-09-29,trend,4,ZECUSDT,long,2026-09-25,1555.2,1416.79,2026-10-02,2.0,0.00200382221564997,0.5699873952881126,0.11421534053187811,0.057107670265939055,-8.899819958847743,False
2026-09-29,trend,5,1000PEPEUSDT,long,2026-09-26,0.0043626,0.0042531,2026-10-03,2.0,0.002692923155596941,0.5699873952881126,0.1534932255169745,0.07674661275848725,-2.5099711181405637,False
2026-09-29,trend,5,ACEUSDT,long,2026-09-26,0.20923,0.17903,2026-10-03,2.0,0.000990024739596229,0.5699873952881126,0.05643016225932465,0.028215081129662326,-14.433876595134542,False
2026-09-29,trend,5,ADAUSDT,long,2026-09-26,0.2537,0.2443,2026-10-03,2.0,0.003633556402115925,0.5699873952881126,0.2071081349274502,0.1035540674637251,-3.705163579030346,False
2026-09-29,trend,5,AKEUSDT,long,2026-09-26,0.033535,0.030389,2026-10-03,2.0,0.0004782576748881604,0.5699873952881126,0.027260084638605152,0.013630042319302576,-9.381243476964373,False
2026-09-29,trend,5,BNBUSDT,long,2026-09-26,773.74,759.2,2026-10-03,2.0,0.007112042986121639,0.5699873952881126,0.4053774856836563,0.20268874284182814,-1.8791842220901023,False
2026-09-29,trend,5,BTCUSDT,long,2026-09-26,84403.3,83624.5,2026-10-03,2.0,0.006754573647313718,0.5699873952881126,0.3850021839514073,0.19250109197570364,-0.9227127375351474,False
2026-09-29,trend,5,BTWUSDT,long,2026-09-26,1.0019,1.3895,2026-10-03,2.0,0.0009333684966512018,0.5699873952881126,0.053200827825019996,0.026600413912509998,38.68649565824933,False
2026-09-29,trend,5,CYSUSDT,short,2026-09-26,0.1792,0.1633,2026-10-03,2.0,-0.0009474113552981638,0.5699873952881126,0.0540012530672781,0.02700062653363905,8.872767857142861,False
2026-09-29,trend,5,DOGEUSDT,long,2026-09-26,0.09667,0.09385,2026-10-03,2.0,0.0040455434518412246,0.5699873952881126,0.23059087746398593,0.11529543873199297,-2.9171407882486844,False
2026-09-29,trend,5,ENAUSDT,long,2026-09-26,0.26961,0.24833,2026-10-03,2.0,0.002116143577124242,0.5699873952881126,0.12061751655807158,0.06030875827903579,-7.892882311486971,False
2026-09-29,trend,5,ETHUSDT,long,2026-09-26,2694.97,2676.94,2026-10-03,2.0,0.004986507649995164,0.5699873952881126,0.2842246507004991,0.14211232535024956,-0.6690241449812007,False
2026-09-29,trend,5,HYPEUSDT,long,2026-09-26,92.523,86.023,2026-10-03,2.0,0.0034374144695602164,0.5699873952881126,0.1959282920030297,0.09796414600151485,-7.025280200598772,False
2026-09-29,trend,5,LINKUSDT,long,2026-09-26,14.137,14.598,2026-10-03,2.0,0.004133632351829031,0.5699873952881126,0.23561183372977046,0.11780591686488523,3.2609464525712673,False
2026-09-29,trend,5,PUMPUSDT,short,2026-09-26,0.004393,0.005885,2026-10-03,2.0,-0.002158538736904446,0.5699873952881126,0.12303398722766579,0.06151699361383289,-33.963123150466636,False
2026-09-29,trend,5,SOLUSDT,long,2026-09-26,121.34,119.09,2026-10-03,2.0,0.004518410480321685,0.5699873952881126,0.2575437020521067,0.12877185102605335,-1.8542937201252663,False
2026-09-29,trend,5,SUIUSDT,long,2026-09-26,1.1624,1.1519,2026-10-03,2.0,0.0030106500374417686,0.5699873952881126,0.17160325729654924,0.08580162864827462,-0.9033035099793696,False
2026-09-29,trend,5,TRUMPUSDT,short,2026-09-26,2.113,2.026,2026-10-03,2.0,-0.002471413948057158,0.5699873952881126,0.14086747989318102,0.07043373994659051,4.117368670137256,False
2026-09-29,trend,5,TUTUSDT,short,2026-09-26,0.02636,0.02355,2026-10-03,2.0,-0.0006968306085619996,0.5699873952881126,0.03971846635312845,0.019859233176564225,10.660091047040975,False
2026-09-29,trend,5,XRPUSDT,long,2026-09-26,1.5264,1.49,2026-10-03,2.0,0.0040008883283178,0.5699873952881126,0.22804559170964742,0.11402279585482371,-2.3846960167714926,False
2026-09-29,trend,5,ZECUSDT,long,2026-09-26,1652.73,1416.79,2026-10-03,2.0,0.0020086690578859827,0.5699873952881126,0.11449160443002583,0.057245802215012916,-14.2757740223751,False
2026-09-29,trend,6,1000PEPEUSDT,long,2026-09-27,0.004367,0.0042531,2026-10-04,2.0,0.0027152717014160784,0.5739424784225385,0.15584097699013272,0.07792048849506636,-2.608197847492555,False
2026-09-29,trend,6,ACEUSDT,long,2026-09-27,0.1955,0.17903,2026-10-04,2.0,0.0009966769516376293,0.5739424784225385,0.05720352398095216,0.02860176199047608,-8.42455242966752,False
2026-09-29,trend,6,ADAUSDT,long,2026-09-27,0.255,0.2443,2026-10-04,2.0,0.0036632480180778973,0.5739424784225385,0.21024936465720806,0.10512468232860403,-4.196078431372552,False
2026-09-29,trend,6,AKEUSDT,long,2026-09-27,0.031068,0.030389,2026-10-04,2.0,0.0004820133870848964,0.5739424784225385,0.02766479580163479,0.013832397900817394,-2.1855285180893524,False
2026-09-29,trend,6,BNBUSDT,long,2026-09-27,779.33,759.2,2026-10-04,2.0,0.0071640391236568,0.5739424784225385,0.4111746370147614,0.2055873185073807,-2.582987951188842,False
2026-09-29,trend,6,BTCUSDT,long,2026-09-27,84432.9,83624.5,2026-10-04,2.0,0.006810634276845594,0.5739424784225385,0.3908912316482253,0.19544561582411266,-0.957446682513563,False
2026-09-29,trend,6,BTWUSDT,long,2026-09-27,1.2203,1.3895,2026-10-04,2.0,0.0009258074316614268,0.5739424784225385,0.053136021186976426,0.026568010593488213,13.865442923871175,False
2026-09-29,trend,6,CYSUSDT,short,2026-09-27,0.1688,0.1633,2026-10-04,2.0,-0.0009542578414431269,0.5739424784225385,0.054768911057201004,0.027384455528600502,3.258293838862558,False
2026-09-29,trend,6,DOGEUSDT,long,2026-09-27,0.09685,0.09385,2026-10-04,2.0,0.00407904232594538,0.5739424784225385,0.23411356621435273,0.11705678310717636,-3.097573567372225,False
2026-09-29,trend,6,ENAUSDT,long,2026-09-27,0.2723,0.24833,2026-10-04,2.0,0.0021333568562009577,0.5739424784225385,0.12244241214076927,0.061221206070384636,-8.802791039294888,False
2026-09-29,trend,6,ETHUSDT,long,2026-09-27,2687.36,2676.94,2026-10-04,2.0,0.005027532929915929,0.5739424784225385,0.28855147101468753,0.14427573550734377,-0.3877411288402022,False
2026-09-29,trend,6,HYPEUSDT,long,2026-09-27,91.678,86.023,2026-10-04,2.0,0.0034646785676297927,0.5739424784225385,0.19885262040428942,0.09942631020214471,-6.1683282794127265,False
2026-09-29,trend,6,LINKUSDT,long,2026-09-27,14.015,14.598,2026-10-04,2.0,0.0041659732741769475,0.5739424784225385,0.23910290260231748,0.11955145130115874,4.159828754905459,False
2026-09-29,trend,6,PUMPUSDT,long,2026-09-27,0.005153,0.005885,2026-10-04,2.0,0.0020714241611266364,0.5739424784225385,0.11888783169013495,0.059443915845067474,14.205317290898511,False
2026-09-29,trend,6,SOLUSDT,long,2026-09-27,121.94,119.09,2026-10-04,2.0,0.004555073796235099,0.5739424784225385,0.26143503440087346,0.13071751720043673,-2.33721502378218,False
2026-09-29,trend,6,SUIUSDT,long,2026-09-27,1.2633,1.1519,2026-10-04,2.0,0.0029611992536431,0.5739424784225385,0.1699558038738892,0.0849779019369446,-8.8181746220217,False
2026-09-29,trend,6,TRUMPUSDT,short,2026-09-27,2.124,2.026,2026-10-04,2.0,-0.002491777307987881,0.5739424784225385,0.14301368438236056,0.07150684219118028,4.613935969868188,False
2026-09-29,trend,6,TUTUSDT,short,2026-09-27,0.02491,0.02355,2026-10-04,2.0,-0.000702231064561064,0.5739424784225385,0.04030402376194747,0.020152011880973736,5.459654757125653,False
2026-09-29,trend,6,XRPUSDT,long,2026-09-27,1.5159,1.49,2026-10-04,2.0,0.004032964301959953,0.5739424784225385,0.23146895268565185,0.11573447634282592,-1.7085559733491684,False
2026-09-29,trend,6,ZECUSDT,long,2026-09-27,1587.22,1416.79,2026-10-04,2.0,0.0020205759693535537,0.5739424784225385,0.11596943796918019,0.057984718984590095,-10.737641914794427,False
2026-09-29,x1,0,AKEUSDT,long,2026-09-28,0.032056,0.030389,2026-10-05,1.0,0.014285714285714287,1.0,1.4285714285714286,1.4285714285714286,-5.200274519590719,False
2026-09-29,x1,0,BTCUSDT,short,2026-09-28,83461.0,83624.5,2026-10-05,1.0,-0.014285714285714287,1.0,1.4285714285714286,1.4285714285714286,-0.19589988138173364,False
2026-09-29,x1,0,BTWUSDT,long,2026-09-28,1.1182,1.3895,2026-10-05,1.0,0.014285714285714287,1.0,1.4285714285714286,1.4285714285714286,24.262207118583422,False
2026-09-29,x1,0,CYSUSDT,short,2026-09-28,0.1562,0.1633,2026-10-05,1.0,-0.014285714285714287,1.0,1.4285714285714286,1.4285714285714286,-4.545454545454541,False
2026-09-29,x1,0,ENAUSDT,long,2026-09-28,0.25658,0.24833,2026-10-05,1.0,0.014285714285714287,1.0,1.4285714285714286,1.4285714285714286,-3.2153714241172304,False
2026-09-29,x1,0,HYPEUSDT,short,2026-09-28,87.467,86.023,2026-10-05,1.0,-0.014285714285714287,1.0,1.4285714285714286,1.4285714285714286,1.6509083425749194,False
2026-09-29,x1,0,SUIUSDT,long,2026-09-28,1.1671,1.1519,2026-10-05,1.0,0.014285714285714287,1.0,1.4285714285714286,1.4285714285714286,-1.302373404164181,False
2026-09-29,x1,0,TRUMPUSDT,short,2026-09-28,2.008,2.026,2026-10-05,1.0,-0.014285714285714287,1.0,1.4285714285714286,1.4285714285714286,-0.8964143426294813,False
2026-09-29,x1,0,TUTUSDT,short,2026-09-28,0.02319,0.02355,2026-10-05,1.0,-0.014285714285714287,1.0,1.4285714285714286,1.4285714285714286,-1.5523932729625045,False
2026-09-29,x1,0,ZECUSDT,long,2026-09-28,1482.85,1416.79,2026-10-05,1.0,0.014285714285714287,1.0,1.4285714285714286,1.4285714285714286,-4.454934754020967,False
2026-09-29,x1,1,ACEUSDT,short,2026-09-29,0.17903,0.17903,2026-10-06,1.0,-0.014285714285714287,1.0,1.4285714285714286,1.4285714285714286,-0.0,False
2026-09-29,x1,1,AKEUSDT,long,2026-09-29,0.030389,0.030389,2026-10-06,1.0,0.014285714285714287,1.0,1.4285714285714286,1.4285714285714286,0.0,False
2026-09-29,x1,1,BTWUSDT,long,2026-09-29,1.3895,1.3895,2026-10-06,1.0,0.014285714285714287,1.0,1.4285714285714286,1.4285714285714286,0.0,False
2026-09-29,x1,1,CYSUSDT,short,2026-09-29,0.1633,0.1633,2026-10-06,1.0,-0.014285714285714287,1.0,1.4285714285714286,1.4285714285714286,-0.0,False
2026-09-29,x1,1,ENAUSDT,long,2026-09-29,0.24833,0.24833,2026-10-06,1.0,0.014285714285714287,1.0,1.4285714285714286,1.4285714285714286,0.0,False
2026-09-29,x1,1,HYPEUSDT,short,2026-09-29,86.023,86.023,2026-10-06,1.0,-0.014285714285714287,1.0,1.4285714285714286,1.4285714285714286,-0.0,False
2026-09-29,x1,1,SUIUSDT,long,2026-09-29,1.1519,1.1519,2026-10-06,1.0,0.014285714285714287,1.0,1.4285714285714286,1.4285714285714286,0.0,False
2026-09-29,x1,1,TRUMPUSDT,short,2026-09-29,2.026,2.026,2026-10-06,1.0,-0.014285714285714287,1.0,1.4285714285714286,1.4285714285714286,-0.0,False
2026-09-29,x1,1,TUTUSDT,short,2026-09-29,0.02355,0.02355,2026-10-06,1.0,-0.014285714285714287,1.0,1.4285714285714286,1.4285714285714286,-0.0,False
2026-09-29,x1,1,ZECUSDT,long,2026-09-29,1416.79,1416.79,2026-10-06,1.0,0.014285714285714287,1.0,1.4285714285714286,1.4285714285714286,0.0,False
2026-09-29,x1,2,ACEUSDT,short,2026-09-23,0.1834,0.17903,2026-09-30,1.0,-0.014285714285714287,1.0,1.4285714285714286,1.4285714285714286,2.382769901853876,True
2026-09-29,x1,2,AKEUSDT,long,2026-09-23,0.043341,0.030389,2026-09-30,1.0,0.014285714285714287,1.0,1.4285714285714286,1.4285714285714286,-29.883943609976694,True
2026-09-29,x1,2,BTWUSDT,long,2026-09-23,1.0379,1.3895,2026-09-30,1.0,0.014285714285714287,1.0,1.4285714285714286,1.4285714285714286,33.87609596300221,True
2026-09-29,x1,2,CYSUSDT,short,2026-09-23,0.1701,0.1633,2026-09-30,1.0,-0.014285714285714287,1.0,1.4285714285714286,1.4285714285714286,3.9976484420928826,True
2026-09-29,x1,2,ENAUSDT,long,2026-09-23,0.20601,0.24833,2026-09-30,1.0,0.014285714285714287,1.0,1.4285714285714286,1.4285714285714286,20.542692102325134,True
2026-09-29,x1,2,PUMPUSDT,short,2026-09-23,0.004002,0.005885,2026-09-30,1.0,-0.014285714285714287,1.0,1.4285714285714286,1.4285714285714286,-47.05147426286855,True
2026-09-29,x1,2,SUIUSDT,long,2026-09-23,0.9595,1.1519,2026-09-30,1.0,0.014285714285714287,1.0,1.4285714285714286,1.4285714285714286,20.0521104742053,True
2026-09-29,x1,2,TRUMPUSDT,short,2026-09-23,1.963,2.026,2026-09-30,1.0,-0.014285714285714287,1.0,1.4285714285714286,1.4285714285714286,-3.209373408048899,True
2026-09-29,x1,2,TUTUSDT,short,2026-09-23,0.02469,0.02355,2026-09-30,1.0,-0.014285714285714287,1.0,1.4285714285714286,1.4285714285714286,4.617253948967193,True
2026-09-29,x1,2,ZECUSDT,long,2026-09-23,1498.0,1416.79,2026-09-30,1.0,0.014285714285714287,1.0,1.4285714285714286,1.4285714285714286,-5.421228304405878,True
2026-09-29,x1,3,ACEUSDT,short,2026-09-24,0.18761,0.17903,2026-10-01,1.0,-0.014285714285714287,1.0,1.4285714285714286,1.4285714285714286,4.573316987367415,False
2026-09-29,x1,3,AKEUSDT,long,2026-09-24,0.035753,0.030389,2026-10-01,1.0,0.014285714285714287,1.0,1.4285714285714286,1.4285714285714286,-15.00293681649093,False
2026-09-29,x1,3,BTWUSDT,long,2026-09-24,0.9533,1.3895,2026-10-01,1.0,0.014285714285714287,1.0,1.4285714285714286,1.4285714285714286,45.75684464491765,False
2026-09-29,x1,3,CYSUSDT,short,2026-09-24,0.1844,0.1633,2026-10-01,1.0,-0.014285714285714287,1.0,1.4285714285714286,1.4285714285714286,11.442516268980485,False
2026-09-29,x1,3,ENAUSDT,long,2026-09-24,0.22455,0.24833,2026-10-01,1.0,0.014285714285714287,1.0,1.4285714285714286,1.4285714285714286,10.590069026942771,False
2026-09-29,x1,3,PUMPUSDT,short,2026-09-24,0.003848,0.005885,2026-10-01,1.0,-0.014285714285714287,1.0,1.4285714285714286,1.4285714285714286,-52.93659043659042,False
2026-09-29,x1,3,SUIUSDT,long,2026-09-24,1.0137,1.1519,2026-10-01,1.0,0.014285714285714287,1.0,1.4285714285714286,1.4285714285714286,13.63322481996645,False
2026-09-29,x1,3,TRUMPUSDT,short,2026-09-24,2.075,2.026,2026-10-01,1.0,-0.014285714285714287,1.0,1.4285714285714286,1.4285714285714286,2.361445783132543,False
2026-09-29,x1,3,TUTUSDT,short,2026-09-24,0.02716,0.02355,2026-10-01,1.0,-0.014285714285714287,1.0,1.4285714285714286,1.4285714285714286,13.291605301914577,False
2026-09-29,x1,3,ZECUSDT,long,2026-09-24,1545.73,1416.79,2026-10-01,1.0,0.014285714285714287,1.0,1.4285714285714286,1.4285714285714286,-8.341689687073428,False
2026-09-29,x1,4,ACEUSDT,short,2026-09-25,0.1944,0.17903,2026-10-02,1.0,-0.014285714285714287,1.0,1.4285714285714286,1.4285714285714286,7.906378600823039,False
2026-09-29,x1,4,AKEUSDT,long,2026-09-25,0.032779,0.030389,2026-10-02,1.0,0.014285714285714287,1.0,1.4285714285714286,1.4285714285714286,-7.291253546477938,False
2026-09-29,x1,4,BTWUSDT,long,2026-09-25,1.3154,1.3895,2026-10-02,1.0,0.014285714285714287,1.0,1.4285714285714286,1.4285714285714286,5.63326744716437,False
2026-09-29,x1,4,CYSUSDT,short,2026-09-25,0.1854,0.1633,2026-10-02,1.0,-0.014285714285714287,1.0,1.4285714285714286,1.4285714285714286,11.920172599784252,False
2026-09-29,x1,4,ENAUSDT,long,2026-09-25,0.26801,0.24833,2026-10-02,1.0,0.014285714285714287,1.0,1.4285714285714286,1.4285714285714286,-7.343009589194449,False
2026-09-29,x1,4,PUMPUSDT,short,2026-09-25,0.004194,0.005885,2026-10-02,1.0,-0.014285714285714287,1.0,1.4285714285714286,1.4285714285714286,-40.31950405340963,False
2026-09-29,x1,4,SUIUSDT,long,2026-09-25,1.1943,1.1519,2026-10-02,1.0,0.014285714285714287,1.0,1.4285714285714286,1.4285714285714286,-3.5501967679812396,False
2026-09-29,x1,4,TRUMPUSDT,short,2026-09-25,2.122,2.026,2026-10-02,1.0,-0.014285714285714287,1.0,1.4285714285714286,1.4285714285714286,4.524033930254479,False
2026-09-29,x1,4,TUTUSDT,short,2026-09-25,0.026,0.02355,2026-10-02,1.0,-0.014285714285714287,1.0,1.4285714285714286,1.4285714285714286,9.423076923076913,False
2026-09-29,x1,4,ZECUSDT,long,2026-09-25,1555.2,1416.79,2026-10-02,1.0,0.014285714285714287,1.0,1.4285714285714286,1.4285714285714286,-8.899819958847743,False
2026-09-29,x1,5,ACEUSDT,short,2026-09-26,0.20923,0.17903,2026-10-03,1.0,-0.014285714285714287,1.0,1.4285714285714286,1.4285714285714286,14.433876595134542,False
2026-09-29,x1,5,AKEUSDT,long,2026-09-26,0.033535,0.030389,2026-10-03,1.0,0.014285714285714287,1.0,1.4285714285714286,1.4285714285714286,-9.381243476964373,False
2026-09-29,x1,5,BTWUSDT,long,2026-09-26,1.0019,1.3895,2026-10-03,1.0,0.014285714285714287,1.0,1.4285714285714286,1.4285714285714286,38.68649565824933,False
2026-09-29,x1,5,CYSUSDT,short,2026-09-26,0.1792,0.1633,2026-10-03,1.0,-0.014285714285714287,1.0,1.4285714285714286,1.4285714285714286,8.872767857142861,False
2026-09-29,x1,5,ENAUSDT,long,2026-09-26,0.26961,0.24833,2026-10-03,1.0,0.014285714285714287,1.0,1.4285714285714286,1.4285714285714286,-7.892882311486971,False
2026-09-29,x1,5,PUMPUSDT,short,2026-09-26,0.004393,0.005885,2026-10-03,1.0,-0.014285714285714287,1.0,1.4285714285714286,1.4285714285714286,-33.963123150466636,False
2026-09-29,x1,5,SUIUSDT,long,2026-09-26,1.1624,1.1519,2026-10-03,1.0,0.014285714285714287,1.0,1.4285714285714286,1.4285714285714286,-0.9033035099793696,False
2026-09-29,x1,5,TRUMPUSDT,short,2026-09-26,2.113,2.026,2026-10-03,1.0,-0.014285714285714287,1.0,1.4285714285714286,1.4285714285714286,4.117368670137256,False
2026-09-29,x1,5,TUTUSDT,short,2026-09-26,0.02636,0.02355,2026-10-03,1.0,-0.014285714285714287,1.0,1.4285714285714286,1.4285714285714286,10.660091047040975,False
2026-09-29,x1,5,ZECUSDT,long,2026-09-26,1652.73,1416.79,2026-10-03,1.0,0.014285714285714287,1.0,1.4285714285714286,1.4285714285714286,-14.2757740223751,False
2026-09-29,x1,6,AKEUSDT,long,2026-09-27,0.031068,0.030389,2026-10-04,1.0,0.014285714285714287,1.0,1.4285714285714286,1.4285714285714286,-2.1855285180893524,False
2026-09-29,x1,6,BTCUSDT,short,2026-09-27,84432.9,83624.5,2026-10-04,1.0,-0.014285714285714287,1.0,1.4285714285714286,1.4285714285714286,0.957446682513563,False
2026-09-29,x1,6,BTWUSDT,long,2026-09-27,1.2203,1.3895,2026-10-04,1.0,0.014285714285714287,1.0,1.4285714285714286,1.4285714285714286,13.865442923871175,False
2026-09-29,x1,6,CYSUSDT,short,2026-09-27,0.1688,0.1633,2026-10-04,1.0,-0.014285714285714287,1.0,1.4285714285714286,1.4285714285714286,3.258293838862558,False
2026-09-29,x1,6,ENAUSDT,long,2026-09-27,0.2723,0.24833,2026-10-04,1.0,0.014285714285714287,1.0,1.4285714285714286,1.4285714285714286,-8.802791039294888,False
2026-09-29,x1,6,ETHUSDT,short,2026-09-27,2687.36,2676.94,2026-10-04,1.0,-0.014285714285714287,1.0,1.4285714285714286,1.4285714285714286,0.3877411288402022,False
2026-09-29,x1,6,SUIUSDT,long,2026-09-27,1.2633,1.1519,2026-10-04,1.0,0.014285714285714287,1.0,1.4285714285714286,1.4285714285714286,-8.8181746220217,False
2026-09-29,x1,6,TRUMPUSDT,short,2026-09-27,2.124,2.026,2026-10-04,1.0,-0.014285714285714287,1.0,1.4285714285714286,1.4285714285714286,4.613935969868188,False
2026-09-29,x1,6,TUTUSDT,short,2026-09-27,0.02491,0.02355,2026-10-04,1.0,-0.014285714285714287,1.0,1.4285714285714286,1.4285714285714286,5.459654757125653,False
2026-09-29,x1,6,ZECUSDT,long,2026-09-27,1587.22,1416.79,2026-10-04,1.0,0.014285714285714287,1.0,1.4285714285714286,1.4285714285714286,-10.737641914794427,False
