skladowa,faza,symbol,kierunek,data_wejscia,cena_wejscia,data_wyjscia,cena_wyjscia,powod_wyjscia,dzwignia,waga,k,wielkosc_proc_kapitalu,depozyt_proc_kapitalu,zwrot_pozycji_proc,wynik_cenowy_proc_kapitalu,przed_startem
premia_coinbase,3,BTCUSDT,long,2026-09-17,76385.9,2026-09-24,84370.0,rotacja,3.0,0.1453091235677968,0.41536874180550704,6.035686782921671,2.0118955943072234,10.452321698114453,0.630869399241548,True
trend,3,1000PEPEUSDT,long,2026-09-17,0.0036109,2026-09-24,0.0044214,rotacja,2.0,0.003073687272577924,0.693784942241152,0.21324779468728391,0.10662389734364196,22.445927608075557,0.04786544562132534,True
trend,3,ACEUSDT,short,2026-09-17,0.15276,2026-09-24,0.18761,rotacja,2.0,-0.0009257272949932301,0.693784942241152,0.0642255657887936,0.0321127828943968,-22.81356376014663,-0.014652140401541346,True
trend,3,ADAUSDT,long,2026-09-17,0.2025,2026-09-24,0.2476,rotacja,2.0,0.003871234654860379,0.693784942241152,0.2685804311424254,0.1342902155712127,22.271604938271583,0.05981717256554753,True
trend,3,AKEUSDT,long,2026-09-17,0.021287,2026-09-24,0.035753,rotacja,2.0,0.0005094910506584521,0.693784942241152,0.0353477219153458,0.0176738609576729,67.9569690421384,0.02402124043911271,True
trend,3,BNBUSDT,long,2026-09-17,738.89,2026-09-24,777.14,rotacja,2.0,0.00702449904144654,0.693784942241152,0.4873491661743015,0.24367458308715076,5.176683944836169,0.025228526040638008,True
trend,3,BTCUSDT,long,2026-09-17,76385.9,2026-09-24,84370.0,rotacja,2.0,0.00726545617838984,0.693784942241152,0.5040664095079815,0.25203320475399077,10.452321698114453,0.05268664269390921,True
trend,3,BTWUSDT,long,2026-09-17,0.72,2026-09-24,0.9533,rotacja,2.0,0.0009839631324683113,0.693784942241152,0.06826588050269503,0.03413294025134751,32.40277777777778,0.022120041557331598,True
trend,3,CYSUSDT,short,2026-09-17,0.1385,2026-09-24,0.1844,rotacja,2.0,-0.0008896432510927478,0.693784942241152,0.061722109157461263,0.030861054578730632,-33.14079422382672,-0.020455197186479944,True
trend,3,DOGEUSDT,long,2026-09-17,0.08168,2026-09-24,0.09573,rotacja,2.0,0.004784035156990259,0.693784942241152,0.3319091555072127,0.16595457775360636,17.20127326150831,0.05709260081876022,True
trend,3,ENAUSDT,long,2026-09-17,0.15459,2026-09-24,0.22455,rotacja,2.0,0.0023905012703492124,0.693784942241152,0.16584937857766288,0.08292468928883144,45.25519115078593,0.07505545329771196,True
trend,3,ETHUSDT,long,2026-09-17,2446.32,2026-09-24,2686.65,rotacja,2.0,0.004954505318047807,0.693784942241152,0.3437361185915278,0.1718680592957639,9.824144020406166,0.03376913134058583,True
trend,3,HYPEUSDT,long,2026-09-17,85.131,2026-09-24,92.063,rotacja,2.0,0.00333121008883373,0.693784942241152,0.23111433990746522,0.11555716995373261,8.142744711092309,0.018819050689391027,True
trend,3,LINKUSDT,long,2026-09-17,11.382,2026-09-24,13.215,rotacja,2.0,0.004373043556011019,0.693784942241152,0.3033951770925147,0.15169758854625734,16.10437532946758,0.04885989805048141,True
trend,3,PUMPUSDT,long,2026-09-17,0.004085,2026-09-24,0.003848,rotacja,2.0,0.0020978554441728396,0.693784942241152,0.14554605181657396,0.07277302590828698,-5.801713586291313,-0.008444165062552765,True
trend,3,SOLUSDT,long,2026-09-17,101.59,2026-09-24,116.99,rotacja,2.0,0.004924656763063816,0.693784942241152,0.3416652707919728,0.1708326353959864,15.158972339797216,0.05179294389404841,True
trend,3,SUIUSDT,long,2026-09-17,0.7411,2026-09-24,1.0137,rotacja,2.0,0.003981410905730603,0.693784942241152,0.27622429352705985,0.13811214676352992,36.78316016731886,0.10160402430910341,True
trend,3,TRUMPUSDT,long,2026-09-17,1.952,2026-09-24,2.075,rotacja,2.0,0.002445075292010764,0.693784942241152,0.1696356420242956,0.0848178210121478,6.301229508196737,0.010689131131653899,True
trend,3,TUTUSDT,short,2026-09-17,0.02062,2026-09-24,0.02716,rotacja,2.0,-0.0006523967396109628,0.693784942241152,0.045262303430930774,0.022631151715465387,-31.71677982541223,-0.014355745123098321,True
trend,3,XRPUSDT,long,2026-09-17,1.2954,2026-09-24,1.534,rotacja,2.0,0.004150630413780874,0.693784942241152,0.2879644881889332,0.1439822440944666,18.41902115176779,0.053040239989099465,True
trend,3,ZECUSDT,long,2026-09-17,1466.21,2026-09-24,1545.73,rotacja,2.0,0.0019531718564872154,0.693784942241152,0.13550812236400264,0.06775406118200132,5.423506864637395,0.007349292318552925,True
premia_coinbase,4,BTCUSDT,long,2026-09-18,80863.0,2026-09-25,84056.0,rotacja,3.0,0.13751474875024092,0.41536874180550704,5.711932816808799,1.9039776056029332,3.948653896095866,0.225544457713299,True
trend,4,1000PEPEUSDT,short,2026-09-18,0.0038207,2026-09-25,0.0044875,rotacja,2.0,-0.003063005523354094,0.693784942241152,0.21250671101045496,0.10625335550522748,-17.452299316879127,-0.037087307273999934,True
trend,4,ACEUSDT,short,2026-09-18,0.15787,2026-09-25,0.1944,rotacja,2.0,-0.0009330794235392619,0.693784942241152,0.06473564539665942,0.03236782269832971,-23.1392918223855,-0.014979369901437688,True
trend,4,ADAUSDT,short,2026-09-18,0.2246,2026-09-25,0.2586,rotacja,2.0,-0.003667005084667753,0.693784942241152,0.25441129108642274,0.12720564554321137,-15.138023152270708,-0.038512840146653494,True
trend,4,AKEUSDT,long,2026-09-18,0.046385,2026-09-25,0.032779,rotacja,2.0,0.00045592429679368297,0.693784942241152,0.031631341191734316,0.015815670595867158,-29.332758434838844,-0.009278344901471102,True
trend,4,BNBUSDT,long,2026-09-18,761.92,2026-09-25,777.53,rotacja,2.0,0.00695955468109606,0.693784942241152,0.4828434242448369,0.24142171212241845,2.0487715245695037,0.009892358584184541,True
trend,4,BTCUSDT,long,2026-09-18,80863.0,2026-09-25,84056.0,rotacja,2.0,0.006875737437512046,0.693784942241152,0.4770283100949621,0.23851415504748105,3.948653896095866,0.01883619695204499,True
trend,4,BTWUSDT,long,2026-09-18,0.63171,2026-09-25,1.3154,rotacja,2.0,0.0009873867341627638,0.693784942241152,0.06850340483307928,0.03425170241653964,108.2284592613699,0.0741401795924205,True
trend,4,CYSUSDT,short,2026-09-18,0.1513,2026-09-25,0.1854,rotacja,2.0,-0.0008948264390389236,0.693784942241152,0.062081710932447534,0.031040855466223767,-22.538003965631216,-0.013991978471886733,True
trend,4,DOGEUSDT,short,2026-09-18,0.08745,2026-09-25,0.09893,rotacja,2.0,-0.004630641021337249,0.693784942241152,0.32126690135279723,0.16063345067639861,-13.127501429388232,-0.042174317067239744,True
trend,4,ENAUSDT,long,2026-09-18,0.16821,2026-09-25,0.26801,rotacja,2.0,0.0023714557574991127,0.693784942241152,0.1645280295743969,0.08226401478719846,59.33059865644137,0.0976154649041366,True
trend,4,ETHUSDT,long,2026-09-18,2611.15,2026-09-25,2690.56,rotacja,2.0,0.004800214651711703,0.693784942241152,0.3330316644882936,0.1665158322441468,3.0411887482526767,0.01012812150853659,True
trend,4,HYPEUSDT,long,2026-09-18,92.6,2026-09-25,92.368,rotacja,2.0,0.0032567705704129243,0.693784942241152,0.2259498382086614,0.1129749191043307,-0.25053995680345276,-0.0005660946270454516,True
trend,4,LINKUSDT,long,2026-09-18,12.227,2026-09-25,13.924,rotacja,2.0,0.004245696237835403,0.693784942241152,0.2945600119140111,0.14728000595700555,13.879119980371302,0.0408823374677416,True
trend,4,PUMPUSDT,long,2026-09-18,0.004242,2026-09-25,0.004194,rotacja,2.0,0.002110169595046435,0.693784942241152,0.14640038906183261,0.07320019453091631,-1.1315417256011373,-0.0016565814886770394,True
trend,4,SOLUSDT,long,2026-09-18,112.73,2026-09-25,122.1,rotacja,2.0,0.004500376572038305,0.693784942241152,0.31222935000950286,0.15611467500475143,8.311895679943216,0.02595217785495465,True
trend,4,SUIUSDT,short,2026-09-18,0.8145,2026-09-25,1.213605,likwidacja,2.0,-0.003800238511197631,0.693784942241152,0.26365482559938497,0.13182741279969248,-50.0,-0.13182741279969248,True
trend,4,TRUMPUSDT,long,2026-09-18,2.084,2026-09-25,2.122,rotacja,2.0,0.0024406290917942594,0.693784942241152,0.16932717134825553,0.08466358567412777,1.8234165067178454,0.0030875395927225015,True
trend,4,TUTUSDT,short,2026-09-18,0.02252,2026-09-25,0.026,rotacja,2.0,-0.0006569287784129963,0.693784942241152,0.045576729458781114,0.022788364729390557,-15.452930728241565,-0.007042940431463513,True
trend,4,XRPUSDT,short,2026-09-18,1.3964,2026-09-25,1.5677,rotacja,2.0,-0.0040306971947791145,0.693784942241152,0.2796437020471401,0.13982185102357006,-12.267258665138936,-0.0343046162708931,True
trend,4,ZECUSDT,long,2026-09-18,1561.02,2026-09-25,1555.2,rotacja,2.0,0.0019577811129441332,0.693784942241152,0.13582790563647634,0.06791395281823817,-0.37283314755736097,-0.0005064114558457169,True
x1,4,1000PEPEUSDT,short,2026-09-18,0.0038207,2026-09-25,0.0044875,rotacja,1.0,-0.014285714285714287,1.0,1.4285714285714286,1.4285714285714286,-17.452299316879127,-0.24931856166970182,True
x1,4,ACEUSDT,short,2026-09-18,0.15787,2026-09-25,0.1944,rotacja,1.0,-0.014285714285714287,1.0,1.4285714285714286,1.4285714285714286,-23.1392918223855,-0.3305613117483643,True
x1,4,AKEUSDT,long,2026-09-18,0.046385,2026-09-25,0.032779,rotacja,1.0,0.014285714285714287,1.0,1.4285714285714286,1.4285714285714286,-29.332758434838844,-0.41903940621198354,True
x1,4,BTWUSDT,long,2026-09-18,0.63171,2026-09-25,1.3154,rotacja,1.0,0.014285714285714287,1.0,1.4285714285714286,1.4285714285714286,108.2284592613699,1.5461208465909986,True
x1,4,CYSUSDT,short,2026-09-18,0.1513,2026-09-25,0.1854,rotacja,1.0,-0.014285714285714287,1.0,1.4285714285714286,1.4285714285714286,-22.538003965631216,-0.3219714852233031,True
x1,4,DOGEUSDT,short,2026-09-18,0.08745,2026-09-25,0.09893,rotacja,1.0,-0.014285714285714287,1.0,1.4285714285714286,1.4285714285714286,-13.127501429388232,-0.1875357347055462,True
x1,4,HYPEUSDT,long,2026-09-18,92.6,2026-09-25,92.368,rotacja,1.0,0.014285714285714287,1.0,1.4285714285714286,1.4285714285714286,-0.25053995680345276,-0.003579142240049325,True
x1,4,SOLUSDT,long,2026-09-18,112.73,2026-09-25,122.1,rotacja,1.0,0.014285714285714287,1.0,1.4285714285714286,1.4285714285714286,8.311895679943216,0.11874136685633165,True
x1,4,TUTUSDT,short,2026-09-18,0.02252,2026-09-25,0.026,rotacja,1.0,-0.014285714285714287,1.0,1.4285714285714286,1.4285714285714286,-15.452930728241565,-0.22075615326059378,True
x1,4,ZECUSDT,long,2026-09-18,1561.02,2026-09-25,1555.2,rotacja,1.0,0.014285714285714287,1.0,1.4285714285714286,1.4285714285714286,-0.37283314755736097,-0.005326187822248014,True
premia_coinbase,5,BTCUSDT,long,2026-09-19,81225.6,2026-09-26,84403.3,rotacja,3.0,0.13860731471207646,0.41536874180550704,5.757314591699514,1.919104863899838,3.9121902454398505,0.22523709985575355,True
trend,5,1000PEPEUSDT,long,2026-09-19,0.0041222,2026-09-26,0.0043626,rotacja,2.0,0.003023297575195855,0.693784942241152,0.2097518333585071,0.10487591667925356,5.8318373683955205,0.012232385798696118,True
trend,5,ACEUSDT,short,2026-09-19,0.15482,2026-09-26,0.23068180000000002,likwidacja,2.0,-0.0009407120636121161,0.693784942241152,0.06526518647186869,0.03263259323593434,-50.0,-0.03263259323593434,True
trend,5,ADAUSDT,long,2026-09-19,0.2279,2026-09-26,0.2537,rotacja,2.0,0.003693454804162038,0.693784942241152,0.25624633279758646,0.12812316639879323,11.32075471698113,0.029009018807273933,True
trend,5,BNBUSDT,long,2026-09-19,762.52,2026-09-26,773.74,rotacja,2.0,0.0070172555149909405,0.693784942241152,0.4868466212159394,0.2434233106079697,1.4714368147720647,0.007163640416045238,True
trend,5,BTCUSDT,long,2026-09-19,81225.6,2026-09-26,84403.3,rotacja,2.0,0.0069303657356038235,0.693784942241152,0.4808183391585957,0.24040916957929784,3.9121902454398505,0.018810528162848478,True
trend,5,BTWUSDT,long,2026-09-19,0.5909,2026-09-26,1.0019,rotacja,2.0,0.0009954673142599886,0.693784942241152,0.06906402331268209,0.034532011656341045,69.55491622948047,0.04803742355984489,True
trend,5,CYSUSDT,short,2026-09-19,0.1492,2026-09-26,0.1792,rotacja,2.0,-0.0009022731240237784,0.693784942241152,0.06259835072365809,0.031299175361829044,-20.107238605898115,-0.012586799743362881,True
trend,5,DOGEUSDT,short,2026-09-19,0.08771,2026-09-26,0.09667,rotacja,2.0,-0.004668755537135592,0.693784942241152,0.3239112290669675,0.16195561453348375,-10.215482841181167,-0.03308909602599509,True
trend,5,ENAUSDT,long,2026-09-19,0.20434,2026-09-26,0.26961,rotacja,2.0,0.002188810769080368,0.693784942241152,0.15185639530032347,0.07592819765016173,31.941861603210352,0.048505759622453355,True
trend,5,ETHUSDT,long,2026-09-19,2631.59,2026-09-26,2694.97,rotacja,2.0,0.00483752149389765,0.693784942241152,0.33561995702341124,0.16780997851170562,2.408429884594465,0.008083171343614937,True
trend,5,HYPEUSDT,long,2026-09-19,92.208,2026-09-26,92.523,rotacja,2.0,0.003283576194748336,0.693784942241152,0.22780957206178956,0.11390478603089478,0.3416189484643395,0.0007782406645785973,True
trend,5,LINKUSDT,long,2026-09-19,12.416,2026-09-26,14.137,rotacja,2.0,0.004274088320081312,0.693784942241152,0.2965298118281195,0.14826490591405975,13.861146907216494,0.04110243284118827,True
trend,5,PUMPUSDT,short,2026-09-19,0.004253,2026-09-26,0.004393,rotacja,2.0,-0.0021276710790961505,0.693784942241152,0.14761461567188922,0.07380730783594461,-3.291794027745132,-0.004859169102766178,True
trend,5,SOLUSDT,long,2026-09-19,111.04,2026-09-26,121.34,rotacja,2.0,0.0045300596990399495,0.693784942241152,0.3142887206647402,0.1571443603323701,9.275936599423629,0.029153222468000926,True
trend,5,SUIUSDT,long,2026-09-19,0.8574,2026-09-26,1.1624,rotacja,2.0,0.003775815888446462,0.693784942241152,0.26196042080790527,0.13098021040395263,35.572661534872886,0.09318629384932486,True
trend,5,TRUMPUSDT,short,2026-09-19,2.099,2026-09-26,2.113,rotacja,2.0,-0.002460608580069864,0.693784942241152,0.17071331816018537,0.08535665908009268,-0.6669842782277113,-0.001138630992969289,True
trend,5,TUTUSDT,short,2026-09-19,0.02149,2026-09-26,0.02636,rotacja,2.0,-0.0006621599283271447,0.693784942241152,0.04593965876288534,0.02296982938144267,-22.661703117729193,-0.010410709082142939,True
trend,5,XRPUSDT,short,2026-09-19,1.4104,2026-09-26,1.5264,rotacja,2.0,-0.004061689051945947,0.693784942241152,0.2817938704305838,0.1408969352152919,-8.22461712989222,-0.02317646693842008,True
trend,5,ZECUSDT,long,2026-09-19,1470.71,2026-09-26,1652.73,rotacja,2.0,0.001964662433597117,0.693784942241152,0.13630532130165365,0.06815266065082683,12.37633523944217,0.016869603513491437,True
trend,6,ACEUSDT,short,2026-09-20,0.15902,2026-09-26,0.23693979999999998,likwidacja,2.0,-0.0009482917856264336,0.5699873952881126,0.05405143648623241,0.027025718243116205,-50.0,-0.027025718243116205,True
x1,5,ACEUSDT,short,2026-09-19,0.15482,2026-09-26,0.20923,rotacja,1.0,-0.014285714285714287,1.0,1.4285714285714286,1.4285714285714286,-35.14403823795374,-0.5020576891136248,True
x1,5,AKEUSDT,long,2026-09-19,0.064543,2026-09-26,0.033535,rotacja,1.0,0.014285714285714287,1.0,1.4285714285714286,1.4285714285714286,-48.04239034442155,-0.686319862063165,True
x1,5,BTWUSDT,long,2026-09-19,0.5909,2026-09-26,1.0019,rotacja,1.0,0.014285714285714287,1.0,1.4285714285714286,1.4285714285714286,69.55491622948047,0.9936416604211495,True
x1,5,CYSUSDT,short,2026-09-19,0.1492,2026-09-26,0.1792,rotacja,1.0,-0.014285714285714287,1.0,1.4285714285714286,1.4285714285714286,-20.107238605898115,-0.2872462657985445,True
x1,5,ENAUSDT,long,2026-09-19,0.20434,2026-09-26,0.26961,rotacja,1.0,0.014285714285714287,1.0,1.4285714285714286,1.4285714285714286,31.941861603210352,0.4563123086172908,True
x1,5,PUMPUSDT,short,2026-09-19,0.004253,2026-09-26,0.004393,rotacja,1.0,-0.014285714285714287,1.0,1.4285714285714286,1.4285714285714286,-3.291794027745132,-0.0470256289677876,True
x1,5,SOLUSDT,long,2026-09-19,111.04,2026-09-26,121.34,rotacja,1.0,0.014285714285714287,1.0,1.4285714285714286,1.4285714285714286,9.275936599423629,0.13251337999176613,True
x1,5,TRUMPUSDT,short,2026-09-19,2.099,2026-09-26,2.113,rotacja,1.0,-0.014285714285714287,1.0,1.4285714285714286,1.4285714285714286,-0.6669842782277113,-0.009528346831824448,True
x1,5,TUTUSDT,short,2026-09-19,0.02149,2026-09-26,0.02636,rotacja,1.0,-0.014285714285714287,1.0,1.4285714285714286,1.4285714285714286,-22.661703117729193,-0.32373861596755993,True
x1,5,ZECUSDT,long,2026-09-19,1470.71,2026-09-26,1652.73,rotacja,1.0,0.014285714285714287,1.0,1.4285714285714286,1.4285714285714286,12.37633523944217,0.17680478913488817,True
