as_of,phase,formed,today,symbol,sign,weight
2026-09-23,0,2026-09-21,False,AKEUSDT,1,0.014285714285714287
2026-09-23,0,2026-09-21,False,BTWUSDT,1,0.014285714285714287
2026-09-23,0,2026-09-21,False,ENAUSDT,1,0.014285714285714287
2026-09-23,0,2026-09-21,False,SUIUSDT,1,0.014285714285714287
2026-09-23,0,2026-09-21,False,ZECUSDT,1,0.014285714285714287
2026-09-23,0,2026-09-21,False,ACEUSDT,-1,-0.014285714285714287
2026-09-23,0,2026-09-21,False,CYSUSDT,-1,-0.014285714285714287
2026-09-23,0,2026-09-21,False,PUMPUSDT,-1,-0.014285714285714287
2026-09-23,0,2026-09-21,False,TRUMPUSDT,-1,-0.014285714285714287
2026-09-23,0,2026-09-21,False,TUTUSDT,-1,-0.014285714285714287
2026-09-23,1,2026-09-22,False,AKEUSDT,1,0.014285714285714287
2026-09-23,1,2026-09-22,False,BTWUSDT,1,0.014285714285714287
2026-09-23,1,2026-09-22,False,ENAUSDT,1,0.014285714285714287
2026-09-23,1,2026-09-22,False,SUIUSDT,1,0.014285714285714287
2026-09-23,1,2026-09-22,False,ZECUSDT,1,0.014285714285714287
2026-09-23,1,2026-09-22,False,ACEUSDT,-1,-0.014285714285714287
2026-09-23,1,2026-09-22,False,CYSUSDT,-1,-0.014285714285714287
2026-09-23,1,2026-09-22,False,PUMPUSDT,-1,-0.014285714285714287
2026-09-23,1,2026-09-22,False,TRUMPUSDT,-1,-0.014285714285714287
2026-09-23,1,2026-09-22,False,TUTUSDT,-1,-0.014285714285714287
2026-09-23,2,2026-09-23,True,AKEUSDT,1,0.014285714285714287
2026-09-23,2,2026-09-23,True,BTWUSDT,1,0.014285714285714287
2026-09-23,2,2026-09-23,True,ENAUSDT,1,0.014285714285714287
2026-09-23,2,2026-09-23,True,SUIUSDT,1,0.014285714285714287
2026-09-23,2,2026-09-23,True,ZECUSDT,1,0.014285714285714287
2026-09-23,2,2026-09-23,True,ACEUSDT,-1,-0.014285714285714287
2026-09-23,2,2026-09-23,True,CYSUSDT,-1,-0.014285714285714287
2026-09-23,2,2026-09-23,True,PUMPUSDT,-1,-0.014285714285714287
2026-09-23,2,2026-09-23,True,TRUMPUSDT,-1,-0.014285714285714287
2026-09-23,2,2026-09-23,True,TUTUSDT,-1,-0.014285714285714287
2026-09-23,3,2026-09-17,False,AKEUSDT,1,0.014285714285714287
2026-09-23,3,2026-09-17,False,BTWUSDT,1,0.014285714285714287
2026-09-23,3,2026-09-17,False,ENAUSDT,1,0.014285714285714287
2026-09-23,3,2026-09-17,False,TRUMPUSDT,1,0.014285714285714287
2026-09-23,3,2026-09-17,False,ZECUSDT,1,0.014285714285714287
2026-09-23,3,2026-09-17,False,ACEUSDT,-1,-0.014285714285714287
2026-09-23,3,2026-09-17,False,CYSUSDT,-1,-0.014285714285714287
2026-09-23,3,2026-09-17,False,DOGEUSDT,-1,-0.014285714285714287
2026-09-23,3,2026-09-17,False,SUIUSDT,-1,-0.014285714285714287
2026-09-23,3,2026-09-17,False,TUTUSDT,-1,-0.014285714285714287
2026-09-23,4,2026-09-18,False,AKEUSDT,1,0.014285714285714287
2026-09-23,4,2026-09-18,False,BTWUSDT,1,0.014285714285714287
2026-09-23,4,2026-09-18,False,HYPEUSDT,1,0.014285714285714287
2026-09-23,4,2026-09-18,False,SOLUSDT,1,0.014285714285714287
2026-09-23,4,2026-09-18,False,ZECUSDT,1,0.014285714285714287
2026-09-23,4,2026-09-18,False,1000PEPEUSDT,-1,-0.014285714285714287
2026-09-23,4,2026-09-18,False,ACEUSDT,-1,-0.014285714285714287
2026-09-23,4,2026-09-18,False,CYSUSDT,-1,-0.014285714285714287
2026-09-23,4,2026-09-18,False,DOGEUSDT,-1,-0.014285714285714287
2026-09-23,4,2026-09-18,False,TUTUSDT,-1,-0.014285714285714287
2026-09-23,5,2026-09-19,False,AKEUSDT,1,0.014285714285714287
2026-09-23,5,2026-09-19,False,BTWUSDT,1,0.014285714285714287
2026-09-23,5,2026-09-19,False,ENAUSDT,1,0.014285714285714287
2026-09-23,5,2026-09-19,False,SOLUSDT,1,0.014285714285714287
2026-09-23,5,2026-09-19,False,ZECUSDT,1,0.014285714285714287
2026-09-23,5,2026-09-19,False,ACEUSDT,-1,-0.014285714285714287
2026-09-23,5,2026-09-19,False,CYSUSDT,-1,-0.014285714285714287
2026-09-23,5,2026-09-19,False,PUMPUSDT,-1,-0.014285714285714287
2026-09-23,5,2026-09-19,False,TRUMPUSDT,-1,-0.014285714285714287
2026-09-23,5,2026-09-19,False,TUTUSDT,-1,-0.014285714285714287
2026-09-23,6,2026-09-20,False,AKEUSDT,1,0.014285714285714287
2026-09-23,6,2026-09-20,False,BTWUSDT,1,0.014285714285714287
2026-09-23,6,2026-09-20,False,ENAUSDT,1,0.014285714285714287
2026-09-23,6,2026-09-20,False,SOLUSDT,1,0.014285714285714287
2026-09-23,6,2026-09-20,False,ZECUSDT,1,0.014285714285714287
2026-09-23,6,2026-09-20,False,ACEUSDT,-1,-0.014285714285714287
2026-09-23,6,2026-09-20,False,CYSUSDT,-1,-0.014285714285714287
2026-09-23,6,2026-09-20,False,PUMPUSDT,-1,-0.014285714285714287
2026-09-23,6,2026-09-20,False,TRUMPUSDT,-1,-0.014285714285714287
2026-09-23,6,2026-09-20,False,TUTUSDT,-1,-0.014285714285714287
2026-09-24,0,2026-09-21,False,AKEUSDT,1,0.014285714285714287
2026-09-24,0,2026-09-21,False,BTWUSDT,1,0.014285714285714287
2026-09-24,0,2026-09-21,False,ENAUSDT,1,0.014285714285714287
2026-09-24,0,2026-09-21,False,SUIUSDT,1,0.014285714285714287
2026-09-24,0,2026-09-21,False,ZECUSDT,1,0.014285714285714287
2026-09-24,0,2026-09-21,False,ACEUSDT,-1,-0.014285714285714287
2026-09-24,0,2026-09-21,False,CYSUSDT,-1,-0.014285714285714287
2026-09-24,0,2026-09-21,False,PUMPUSDT,-1,-0.014285714285714287
2026-09-24,0,2026-09-21,False,TRUMPUSDT,-1,-0.014285714285714287
2026-09-24,0,2026-09-21,False,TUTUSDT,-1,-0.014285714285714287
2026-09-24,1,2026-09-22,False,AKEUSDT,1,0.014285714285714287
2026-09-24,1,2026-09-22,False,BTWUSDT,1,0.014285714285714287
2026-09-24,1,2026-09-22,False,ENAUSDT,1,0.014285714285714287
2026-09-24,1,2026-09-22,False,SUIUSDT,1,0.014285714285714287
2026-09-24,1,2026-09-22,False,ZECUSDT,1,0.014285714285714287
2026-09-24,1,2026-09-22,False,ACEUSDT,-1,-0.014285714285714287
2026-09-24,1,2026-09-22,False,CYSUSDT,-1,-0.014285714285714287
2026-09-24,1,2026-09-22,False,PUMPUSDT,-1,-0.014285714285714287
2026-09-24,1,2026-09-22,False,TRUMPUSDT,-1,-0.014285714285714287
2026-09-24,1,2026-09-22,False,TUTUSDT,-1,-0.014285714285714287
2026-09-24,2,2026-09-23,False,AKEUSDT,1,0.014285714285714287
2026-09-24,2,2026-09-23,False,BTWUSDT,1,0.014285714285714287
2026-09-24,2,2026-09-23,False,ENAUSDT,1,0.014285714285714287
2026-09-24,2,2026-09-23,False,SUIUSDT,1,0.014285714285714287
2026-09-24,2,2026-09-23,False,ZECUSDT,1,0.014285714285714287
2026-09-24,2,2026-09-23,False,ACEUSDT,-1,-0.014285714285714287
2026-09-24,2,2026-09-23,False,CYSUSDT,-1,-0.014285714285714287
2026-09-24,2,2026-09-23,False,PUMPUSDT,-1,-0.014285714285714287
2026-09-24,2,2026-09-23,False,TRUMPUSDT,-1,-0.014285714285714287
2026-09-24,2,2026-09-23,False,TUTUSDT,-1,-0.014285714285714287
2026-09-24,3,2026-09-24,True,AKEUSDT,1,0.014285714285714287
2026-09-24,3,2026-09-24,True,BTWUSDT,1,0.014285714285714287
2026-09-24,3,2026-09-24,True,ENAUSDT,1,0.014285714285714287
2026-09-24,3,2026-09-24,True,SUIUSDT,1,0.014285714285714287
2026-09-24,3,2026-09-24,True,ZECUSDT,1,0.014285714285714287
2026-09-24,3,2026-09-24,True,ACEUSDT,-1,-0.014285714285714287
2026-09-24,3,2026-09-24,True,CYSUSDT,-1,-0.014285714285714287
2026-09-24,3,2026-09-24,True,PUMPUSDT,-1,-0.014285714285714287
2026-09-24,3,2026-09-24,True,TRUMPUSDT,-1,-0.014285714285714287
2026-09-24,3,2026-09-24,True,TUTUSDT,-1,-0.014285714285714287
2026-09-24,4,2026-09-18,False,AKEUSDT,1,0.014285714285714287
2026-09-24,4,2026-09-18,False,BTWUSDT,1,0.014285714285714287
2026-09-24,4,2026-09-18,False,HYPEUSDT,1,0.014285714285714287
2026-09-24,4,2026-09-18,False,SOLUSDT,1,0.014285714285714287
2026-09-24,4,2026-09-18,False,ZECUSDT,1,0.014285714285714287
2026-09-24,4,2026-09-18,False,1000PEPEUSDT,-1,-0.014285714285714287
2026-09-24,4,2026-09-18,False,ACEUSDT,-1,-0.014285714285714287
2026-09-24,4,2026-09-18,False,CYSUSDT,-1,-0.014285714285714287
2026-09-24,4,2026-09-18,False,DOGEUSDT,-1,-0.014285714285714287
2026-09-24,4,2026-09-18,False,TUTUSDT,-1,-0.014285714285714287
2026-09-24,5,2026-09-19,False,AKEUSDT,1,0.014285714285714287
2026-09-24,5,2026-09-19,False,BTWUSDT,1,0.014285714285714287
2026-09-24,5,2026-09-19,False,ENAUSDT,1,0.014285714285714287
2026-09-24,5,2026-09-19,False,SOLUSDT,1,0.014285714285714287
2026-09-24,5,2026-09-19,False,ZECUSDT,1,0.014285714285714287
2026-09-24,5,2026-09-19,False,ACEUSDT,-1,-0.014285714285714287
2026-09-24,5,2026-09-19,False,CYSUSDT,-1,-0.014285714285714287
2026-09-24,5,2026-09-19,False,PUMPUSDT,-1,-0.014285714285714287
2026-09-24,5,2026-09-19,False,TRUMPUSDT,-1,-0.014285714285714287
2026-09-24,5,2026-09-19,False,TUTUSDT,-1,-0.014285714285714287
2026-09-24,6,2026-09-20,False,AKEUSDT,1,0.014285714285714287
2026-09-24,6,2026-09-20,False,BTWUSDT,1,0.014285714285714287
2026-09-24,6,2026-09-20,False,ENAUSDT,1,0.014285714285714287
2026-09-24,6,2026-09-20,False,SOLUSDT,1,0.014285714285714287
2026-09-24,6,2026-09-20,False,ZECUSDT,1,0.014285714285714287
2026-09-24,6,2026-09-20,False,ACEUSDT,-1,-0.014285714285714287
2026-09-24,6,2026-09-20,False,CYSUSDT,-1,-0.014285714285714287
2026-09-24,6,2026-09-20,False,PUMPUSDT,-1,-0.014285714285714287
2026-09-24,6,2026-09-20,False,TRUMPUSDT,-1,-0.014285714285714287
2026-09-24,6,2026-09-20,False,TUTUSDT,-1,-0.014285714285714287
2026-09-25,0,2026-09-21,False,AKEUSDT,1,0.014285714285714287
2026-09-25,0,2026-09-21,False,BTWUSDT,1,0.014285714285714287
2026-09-25,0,2026-09-21,False,ENAUSDT,1,0.014285714285714287
2026-09-25,0,2026-09-21,False,SUIUSDT,1,0.014285714285714287
2026-09-25,0,2026-09-21,False,ZECUSDT,1,0.014285714285714287
2026-09-25,0,2026-09-21,False,ACEUSDT,-1,-0.014285714285714287
2026-09-25,0,2026-09-21,False,CYSUSDT,-1,-0.014285714285714287
2026-09-25,0,2026-09-21,False,PUMPUSDT,-1,-0.014285714285714287
2026-09-25,0,2026-09-21,False,TRUMPUSDT,-1,-0.014285714285714287
2026-09-25,0,2026-09-21,False,TUTUSDT,-1,-0.014285714285714287
2026-09-25,1,2026-09-22,False,AKEUSDT,1,0.014285714285714287
2026-09-25,1,2026-09-22,False,BTWUSDT,1,0.014285714285714287
2026-09-25,1,2026-09-22,False,ENAUSDT,1,0.014285714285714287
2026-09-25,1,2026-09-22,False,SUIUSDT,1,0.014285714285714287
2026-09-25,1,2026-09-22,False,ZECUSDT,1,0.014285714285714287
2026-09-25,1,2026-09-22,False,ACEUSDT,-1,-0.014285714285714287
2026-09-25,1,2026-09-22,False,CYSUSDT,-1,-0.014285714285714287
2026-09-25,1,2026-09-22,False,PUMPUSDT,-1,-0.014285714285714287
2026-09-25,1,2026-09-22,False,TRUMPUSDT,-1,-0.014285714285714287
2026-09-25,1,2026-09-22,False,TUTUSDT,-1,-0.014285714285714287
2026-09-25,2,2026-09-23,False,AKEUSDT,1,0.014285714285714287
2026-09-25,2,2026-09-23,False,BTWUSDT,1,0.014285714285714287
2026-09-25,2,2026-09-23,False,ENAUSDT,1,0.014285714285714287
2026-09-25,2,2026-09-23,False,SUIUSDT,1,0.014285714285714287
2026-09-25,2,2026-09-23,False,ZECUSDT,1,0.014285714285714287
2026-09-25,2,2026-09-23,False,ACEUSDT,-1,-0.014285714285714287
2026-09-25,2,2026-09-23,False,CYSUSDT,-1,-0.014285714285714287
2026-09-25,2,2026-09-23,False,PUMPUSDT,-1,-0.014285714285714287
2026-09-25,2,2026-09-23,False,TRUMPUSDT,-1,-0.014285714285714287
2026-09-25,2,2026-09-23,False,TUTUSDT,-1,-0.014285714285714287
2026-09-25,3,2026-09-24,False,AKEUSDT,1,0.014285714285714287
2026-09-25,3,2026-09-24,False,BTWUSDT,1,0.014285714285714287
2026-09-25,3,2026-09-24,False,ENAUSDT,1,0.014285714285714287
2026-09-25,3,2026-09-24,False,SUIUSDT,1,0.014285714285714287
2026-09-25,3,2026-09-24,False,ZECUSDT,1,0.014285714285714287
2026-09-25,3,2026-09-24,False,ACEUSDT,-1,-0.014285714285714287
2026-09-25,3,2026-09-24,False,CYSUSDT,-1,-0.014285714285714287
2026-09-25,3,2026-09-24,False,PUMPUSDT,-1,-0.014285714285714287
2026-09-25,3,2026-09-24,False,TRUMPUSDT,-1,-0.014285714285714287
2026-09-25,3,2026-09-24,False,TUTUSDT,-1,-0.014285714285714287
2026-09-25,4,2026-09-25,True,AKEUSDT,1,0.014285714285714287
2026-09-25,4,2026-09-25,True,BTWUSDT,1,0.014285714285714287
2026-09-25,4,2026-09-25,True,ENAUSDT,1,0.014285714285714287
2026-09-25,4,2026-09-25,True,SUIUSDT,1,0.014285714285714287
2026-09-25,4,2026-09-25,True,ZECUSDT,1,0.014285714285714287
2026-09-25,4,2026-09-25,True,ACEUSDT,-1,-0.014285714285714287
2026-09-25,4,2026-09-25,True,CYSUSDT,-1,-0.014285714285714287
2026-09-25,4,2026-09-25,True,PUMPUSDT,-1,-0.014285714285714287
2026-09-25,4,2026-09-25,True,TRUMPUSDT,-1,-0.014285714285714287
2026-09-25,4,2026-09-25,True,TUTUSDT,-1,-0.014285714285714287
2026-09-25,5,2026-09-19,False,AKEUSDT,1,0.014285714285714287
2026-09-25,5,2026-09-19,False,BTWUSDT,1,0.014285714285714287
2026-09-25,5,2026-09-19,False,ENAUSDT,1,0.014285714285714287
2026-09-25,5,2026-09-19,False,SOLUSDT,1,0.014285714285714287
2026-09-25,5,2026-09-19,False,ZECUSDT,1,0.014285714285714287
2026-09-25,5,2026-09-19,False,ACEUSDT,-1,-0.014285714285714287
2026-09-25,5,2026-09-19,False,CYSUSDT,-1,-0.014285714285714287
2026-09-25,5,2026-09-19,False,PUMPUSDT,-1,-0.014285714285714287
2026-09-25,5,2026-09-19,False,TRUMPUSDT,-1,-0.014285714285714287
2026-09-25,5,2026-09-19,False,TUTUSDT,-1,-0.014285714285714287
2026-09-25,6,2026-09-20,False,AKEUSDT,1,0.014285714285714287
2026-09-25,6,2026-09-20,False,BTWUSDT,1,0.014285714285714287
2026-09-25,6,2026-09-20,False,ENAUSDT,1,0.014285714285714287
2026-09-25,6,2026-09-20,False,SOLUSDT,1,0.014285714285714287
2026-09-25,6,2026-09-20,False,ZECUSDT,1,0.014285714285714287
2026-09-25,6,2026-09-20,False,ACEUSDT,-1,-0.014285714285714287
2026-09-25,6,2026-09-20,False,CYSUSDT,-1,-0.014285714285714287
2026-09-25,6,2026-09-20,False,PUMPUSDT,-1,-0.014285714285714287
2026-09-25,6,2026-09-20,False,TRUMPUSDT,-1,-0.014285714285714287
2026-09-25,6,2026-09-20,False,TUTUSDT,-1,-0.014285714285714287
2026-09-26,0,2026-09-21,False,AKEUSDT,1,0.014285714285714287
2026-09-26,0,2026-09-21,False,BTWUSDT,1,0.014285714285714287
2026-09-26,0,2026-09-21,False,ENAUSDT,1,0.014285714285714287
2026-09-26,0,2026-09-21,False,SUIUSDT,1,0.014285714285714287
2026-09-26,0,2026-09-21,False,ZECUSDT,1,0.014285714285714287
2026-09-26,0,2026-09-21,False,ACEUSDT,-1,-0.014285714285714287
2026-09-26,0,2026-09-21,False,CYSUSDT,-1,-0.014285714285714287
2026-09-26,0,2026-09-21,False,PUMPUSDT,-1,-0.014285714285714287
2026-09-26,0,2026-09-21,False,TRUMPUSDT,-1,-0.014285714285714287
2026-09-26,0,2026-09-21,False,TUTUSDT,-1,-0.014285714285714287
2026-09-26,1,2026-09-22,False,AKEUSDT,1,0.014285714285714287
2026-09-26,1,2026-09-22,False,BTWUSDT,1,0.014285714285714287
2026-09-26,1,2026-09-22,False,ENAUSDT,1,0.014285714285714287
2026-09-26,1,2026-09-22,False,SUIUSDT,1,0.014285714285714287
2026-09-26,1,2026-09-22,False,ZECUSDT,1,0.014285714285714287
2026-09-26,1,2026-09-22,False,ACEUSDT,-1,-0.014285714285714287
2026-09-26,1,2026-09-22,False,CYSUSDT,-1,-0.014285714285714287
2026-09-26,1,2026-09-22,False,PUMPUSDT,-1,-0.014285714285714287
2026-09-26,1,2026-09-22,False,TRUMPUSDT,-1,-0.014285714285714287
2026-09-26,1,2026-09-22,False,TUTUSDT,-1,-0.014285714285714287
2026-09-26,2,2026-09-23,False,AKEUSDT,1,0.014285714285714287
2026-09-26,2,2026-09-23,False,BTWUSDT,1,0.014285714285714287
2026-09-26,2,2026-09-23,False,ENAUSDT,1,0.014285714285714287
2026-09-26,2,2026-09-23,False,SUIUSDT,1,0.014285714285714287
2026-09-26,2,2026-09-23,False,ZECUSDT,1,0.014285714285714287
2026-09-26,2,2026-09-23,False,ACEUSDT,-1,-0.014285714285714287
2026-09-26,2,2026-09-23,False,CYSUSDT,-1,-0.014285714285714287
2026-09-26,2,2026-09-23,False,PUMPUSDT,-1,-0.014285714285714287
2026-09-26,2,2026-09-23,False,TRUMPUSDT,-1,-0.014285714285714287
2026-09-26,2,2026-09-23,False,TUTUSDT,-1,-0.014285714285714287
2026-09-26,3,2026-09-24,False,AKEUSDT,1,0.014285714285714287
2026-09-26,3,2026-09-24,False,BTWUSDT,1,0.014285714285714287
2026-09-26,3,2026-09-24,False,ENAUSDT,1,0.014285714285714287
2026-09-26,3,2026-09-24,False,SUIUSDT,1,0.014285714285714287
2026-09-26,3,2026-09-24,False,ZECUSDT,1,0.014285714285714287
2026-09-26,3,2026-09-24,False,ACEUSDT,-1,-0.014285714285714287
2026-09-26,3,2026-09-24,False,CYSUSDT,-1,-0.014285714285714287
2026-09-26,3,2026-09-24,False,PUMPUSDT,-1,-0.014285714285714287
2026-09-26,3,2026-09-24,False,TRUMPUSDT,-1,-0.014285714285714287
2026-09-26,3,2026-09-24,False,TUTUSDT,-1,-0.014285714285714287
2026-09-26,4,2026-09-25,False,AKEUSDT,1,0.014285714285714287
2026-09-26,4,2026-09-25,False,BTWUSDT,1,0.014285714285714287
2026-09-26,4,2026-09-25,False,ENAUSDT,1,0.014285714285714287
2026-09-26,4,2026-09-25,False,SUIUSDT,1,0.014285714285714287
2026-09-26,4,2026-09-25,False,ZECUSDT,1,0.014285714285714287
2026-09-26,4,2026-09-25,False,ACEUSDT,-1,-0.014285714285714287
2026-09-26,4,2026-09-25,False,CYSUSDT,-1,-0.014285714285714287
2026-09-26,4,2026-09-25,False,PUMPUSDT,-1,-0.014285714285714287
2026-09-26,4,2026-09-25,False,TRUMPUSDT,-1,-0.014285714285714287
2026-09-26,4,2026-09-25,False,TUTUSDT,-1,-0.014285714285714287
2026-09-26,5,2026-09-26,True,AKEUSDT,1,0.014285714285714287
2026-09-26,5,2026-09-26,True,BTWUSDT,1,0.014285714285714287
2026-09-26,5,2026-09-26,True,ENAUSDT,1,0.014285714285714287
2026-09-26,5,2026-09-26,True,SUIUSDT,1,0.014285714285714287
2026-09-26,5,2026-09-26,True,ZECUSDT,1,0.014285714285714287
2026-09-26,5,2026-09-26,True,ACEUSDT,-1,-0.014285714285714287
2026-09-26,5,2026-09-26,True,CYSUSDT,-1,-0.014285714285714287
2026-09-26,5,2026-09-26,True,PUMPUSDT,-1,-0.014285714285714287
2026-09-26,5,2026-09-26,True,TRUMPUSDT,-1,-0.014285714285714287
2026-09-26,5,2026-09-26,True,TUTUSDT,-1,-0.014285714285714287
2026-09-26,6,2026-09-20,False,AKEUSDT,1,0.014285714285714287
2026-09-26,6,2026-09-20,False,BTWUSDT,1,0.014285714285714287
2026-09-26,6,2026-09-20,False,ENAUSDT,1,0.014285714285714287
2026-09-26,6,2026-09-20,False,SOLUSDT,1,0.014285714285714287
2026-09-26,6,2026-09-20,False,ZECUSDT,1,0.014285714285714287
2026-09-26,6,2026-09-20,False,ACEUSDT,-1,-0.014285714285714287
2026-09-26,6,2026-09-20,False,CYSUSDT,-1,-0.014285714285714287
2026-09-26,6,2026-09-20,False,PUMPUSDT,-1,-0.014285714285714287
2026-09-26,6,2026-09-20,False,TRUMPUSDT,-1,-0.014285714285714287
2026-09-26,6,2026-09-20,False,TUTUSDT,-1,-0.014285714285714287
2026-09-27,0,2026-09-21,False,AKEUSDT,1,0.014285714285714287
2026-09-27,0,2026-09-21,False,BTWUSDT,1,0.014285714285714287
2026-09-27,0,2026-09-21,False,ENAUSDT,1,0.014285714285714287
2026-09-27,0,2026-09-21,False,SUIUSDT,1,0.014285714285714287
2026-09-27,0,2026-09-21,False,ZECUSDT,1,0.014285714285714287
2026-09-27,0,2026-09-21,False,ACEUSDT,-1,-0.014285714285714287
2026-09-27,0,2026-09-21,False,CYSUSDT,-1,-0.014285714285714287
2026-09-27,0,2026-09-21,False,PUMPUSDT,-1,-0.014285714285714287
2026-09-27,0,2026-09-21,False,TRUMPUSDT,-1,-0.014285714285714287
2026-09-27,0,2026-09-21,False,TUTUSDT,-1,-0.014285714285714287
2026-09-27,1,2026-09-22,False,AKEUSDT,1,0.014285714285714287
2026-09-27,1,2026-09-22,False,BTWUSDT,1,0.014285714285714287
2026-09-27,1,2026-09-22,False,ENAUSDT,1,0.014285714285714287
2026-09-27,1,2026-09-22,False,SUIUSDT,1,0.014285714285714287
2026-09-27,1,2026-09-22,False,ZECUSDT,1,0.014285714285714287
2026-09-27,1,2026-09-22,False,ACEUSDT,-1,-0.014285714285714287
2026-09-27,1,2026-09-22,False,CYSUSDT,-1,-0.014285714285714287
2026-09-27,1,2026-09-22,False,PUMPUSDT,-1,-0.014285714285714287
2026-09-27,1,2026-09-22,False,TRUMPUSDT,-1,-0.014285714285714287
2026-09-27,1,2026-09-22,False,TUTUSDT,-1,-0.014285714285714287
2026-09-27,2,2026-09-23,False,AKEUSDT,1,0.014285714285714287
2026-09-27,2,2026-09-23,False,BTWUSDT,1,0.014285714285714287
2026-09-27,2,2026-09-23,False,ENAUSDT,1,0.014285714285714287
2026-09-27,2,2026-09-23,False,SUIUSDT,1,0.014285714285714287
2026-09-27,2,2026-09-23,False,ZECUSDT,1,0.014285714285714287
2026-09-27,2,2026-09-23,False,ACEUSDT,-1,-0.014285714285714287
2026-09-27,2,2026-09-23,False,CYSUSDT,-1,-0.014285714285714287
2026-09-27,2,2026-09-23,False,PUMPUSDT,-1,-0.014285714285714287
2026-09-27,2,2026-09-23,False,TRUMPUSDT,-1,-0.014285714285714287
2026-09-27,2,2026-09-23,False,TUTUSDT,-1,-0.014285714285714287
2026-09-27,3,2026-09-24,False,AKEUSDT,1,0.014285714285714287
2026-09-27,3,2026-09-24,False,BTWUSDT,1,0.014285714285714287
2026-09-27,3,2026-09-24,False,ENAUSDT,1,0.014285714285714287
2026-09-27,3,2026-09-24,False,SUIUSDT,1,0.014285714285714287
2026-09-27,3,2026-09-24,False,ZECUSDT,1,0.014285714285714287
2026-09-27,3,2026-09-24,False,ACEUSDT,-1,-0.014285714285714287
2026-09-27,3,2026-09-24,False,CYSUSDT,-1,-0.014285714285714287
2026-09-27,3,2026-09-24,False,PUMPUSDT,-1,-0.014285714285714287
2026-09-27,3,2026-09-24,False,TRUMPUSDT,-1,-0.014285714285714287
2026-09-27,3,2026-09-24,False,TUTUSDT,-1,-0.014285714285714287
2026-09-27,4,2026-09-25,False,AKEUSDT,1,0.014285714285714287
2026-09-27,4,2026-09-25,False,BTWUSDT,1,0.014285714285714287
2026-09-27,4,2026-09-25,False,ENAUSDT,1,0.014285714285714287
2026-09-27,4,2026-09-25,False,SUIUSDT,1,0.014285714285714287
2026-09-27,4,2026-09-25,False,ZECUSDT,1,0.014285714285714287
2026-09-27,4,2026-09-25,False,ACEUSDT,-1,-0.014285714285714287
2026-09-27,4,2026-09-25,False,CYSUSDT,-1,-0.014285714285714287
2026-09-27,4,2026-09-25,False,PUMPUSDT,-1,-0.014285714285714287
2026-09-27,4,2026-09-25,False,TRUMPUSDT,-1,-0.014285714285714287
2026-09-27,4,2026-09-25,False,TUTUSDT,-1,-0.014285714285714287
2026-09-27,5,2026-09-26,False,AKEUSDT,1,0.014285714285714287
2026-09-27,5,2026-09-26,False,BTWUSDT,1,0.014285714285714287
2026-09-27,5,2026-09-26,False,ENAUSDT,1,0.014285714285714287
2026-09-27,5,2026-09-26,False,SUIUSDT,1,0.014285714285714287
2026-09-27,5,2026-09-26,False,ZECUSDT,1,0.014285714285714287
2026-09-27,5,2026-09-26,False,ACEUSDT,-1,-0.014285714285714287
2026-09-27,5,2026-09-26,False,CYSUSDT,-1,-0.014285714285714287
2026-09-27,5,2026-09-26,False,PUMPUSDT,-1,-0.014285714285714287
2026-09-27,5,2026-09-26,False,TRUMPUSDT,-1,-0.014285714285714287
2026-09-27,5,2026-09-26,False,TUTUSDT,-1,-0.014285714285714287
2026-09-27,6,2026-09-27,True,AKEUSDT,1,0.014285714285714287
2026-09-27,6,2026-09-27,True,BTWUSDT,1,0.014285714285714287
2026-09-27,6,2026-09-27,True,ENAUSDT,1,0.014285714285714287
2026-09-27,6,2026-09-27,True,SUIUSDT,1,0.014285714285714287
2026-09-27,6,2026-09-27,True,ZECUSDT,1,0.014285714285714287
2026-09-27,6,2026-09-27,True,BTCUSDT,-1,-0.014285714285714287
2026-09-27,6,2026-09-27,True,CYSUSDT,-1,-0.014285714285714287
2026-09-27,6,2026-09-27,True,ETHUSDT,-1,-0.014285714285714287
2026-09-27,6,2026-09-27,True,TRUMPUSDT,-1,-0.014285714285714287
2026-09-27,6,2026-09-27,True,TUTUSDT,-1,-0.014285714285714287
2026-09-28,0,2026-09-28,True,AKEUSDT,1,0.014285714285714287
2026-09-28,0,2026-09-28,True,BTWUSDT,1,0.014285714285714287
2026-09-28,0,2026-09-28,True,ENAUSDT,1,0.014285714285714287
2026-09-28,0,2026-09-28,True,SUIUSDT,1,0.014285714285714287
2026-09-28,0,2026-09-28,True,ZECUSDT,1,0.014285714285714287
2026-09-28,0,2026-09-28,True,BTCUSDT,-1,-0.014285714285714287
2026-09-28,0,2026-09-28,True,CYSUSDT,-1,-0.014285714285714287
2026-09-28,0,2026-09-28,True,HYPEUSDT,-1,-0.014285714285714287
2026-09-28,0,2026-09-28,True,TRUMPUSDT,-1,-0.014285714285714287
2026-09-28,0,2026-09-28,True,TUTUSDT,-1,-0.014285714285714287
2026-09-28,1,2026-09-22,False,AKEUSDT,1,0.014285714285714287
2026-09-28,1,2026-09-22,False,BTWUSDT,1,0.014285714285714287
2026-09-28,1,2026-09-22,False,ENAUSDT,1,0.014285714285714287
2026-09-28,1,2026-09-22,False,SUIUSDT,1,0.014285714285714287
2026-09-28,1,2026-09-22,False,ZECUSDT,1,0.014285714285714287
2026-09-28,1,2026-09-22,False,ACEUSDT,-1,-0.014285714285714287
2026-09-28,1,2026-09-22,False,CYSUSDT,-1,-0.014285714285714287
2026-09-28,1,2026-09-22,False,PUMPUSDT,-1,-0.014285714285714287
2026-09-28,1,2026-09-22,False,TRUMPUSDT,-1,-0.014285714285714287
2026-09-28,1,2026-09-22,False,TUTUSDT,-1,-0.014285714285714287
2026-09-28,2,2026-09-23,False,AKEUSDT,1,0.014285714285714287
2026-09-28,2,2026-09-23,False,BTWUSDT,1,0.014285714285714287
2026-09-28,2,2026-09-23,False,ENAUSDT,1,0.014285714285714287
2026-09-28,2,2026-09-23,False,SUIUSDT,1,0.014285714285714287
2026-09-28,2,2026-09-23,False,ZECUSDT,1,0.014285714285714287
2026-09-28,2,2026-09-23,False,ACEUSDT,-1,-0.014285714285714287
2026-09-28,2,2026-09-23,False,CYSUSDT,-1,-0.014285714285714287
2026-09-28,2,2026-09-23,False,PUMPUSDT,-1,-0.014285714285714287
2026-09-28,2,2026-09-23,False,TRUMPUSDT,-1,-0.014285714285714287
2026-09-28,2,2026-09-23,False,TUTUSDT,-1,-0.014285714285714287
2026-09-28,3,2026-09-24,False,AKEUSDT,1,0.014285714285714287
2026-09-28,3,2026-09-24,False,BTWUSDT,1,0.014285714285714287
2026-09-28,3,2026-09-24,False,ENAUSDT,1,0.014285714285714287
2026-09-28,3,2026-09-24,False,SUIUSDT,1,0.014285714285714287
2026-09-28,3,2026-09-24,False,ZECUSDT,1,0.014285714285714287
2026-09-28,3,2026-09-24,False,ACEUSDT,-1,-0.014285714285714287
2026-09-28,3,2026-09-24,False,CYSUSDT,-1,-0.014285714285714287
2026-09-28,3,2026-09-24,False,PUMPUSDT,-1,-0.014285714285714287
2026-09-28,3,2026-09-24,False,TRUMPUSDT,-1,-0.014285714285714287
2026-09-28,3,2026-09-24,False,TUTUSDT,-1,-0.014285714285714287
2026-09-28,4,2026-09-25,False,AKEUSDT,1,0.014285714285714287
2026-09-28,4,2026-09-25,False,BTWUSDT,1,0.014285714285714287
2026-09-28,4,2026-09-25,False,ENAUSDT,1,0.014285714285714287
2026-09-28,4,2026-09-25,False,SUIUSDT,1,0.014285714285714287
2026-09-28,4,2026-09-25,False,ZECUSDT,1,0.014285714285714287
2026-09-28,4,2026-09-25,False,ACEUSDT,-1,-0.014285714285714287
2026-09-28,4,2026-09-25,False,CYSUSDT,-1,-0.014285714285714287
2026-09-28,4,2026-09-25,False,PUMPUSDT,-1,-0.014285714285714287
2026-09-28,4,2026-09-25,False,TRUMPUSDT,-1,-0.014285714285714287
2026-09-28,4,2026-09-25,False,TUTUSDT,-1,-0.014285714285714287
2026-09-28,5,2026-09-26,False,AKEUSDT,1,0.014285714285714287
2026-09-28,5,2026-09-26,False,BTWUSDT,1,0.014285714285714287
2026-09-28,5,2026-09-26,False,ENAUSDT,1,0.014285714285714287
2026-09-28,5,2026-09-26,False,SUIUSDT,1,0.014285714285714287
2026-09-28,5,2026-09-26,False,ZECUSDT,1,0.014285714285714287
2026-09-28,5,2026-09-26,False,ACEUSDT,-1,-0.014285714285714287
2026-09-28,5,2026-09-26,False,CYSUSDT,-1,-0.014285714285714287
2026-09-28,5,2026-09-26,False,PUMPUSDT,-1,-0.014285714285714287
2026-09-28,5,2026-09-26,False,TRUMPUSDT,-1,-0.014285714285714287
2026-09-28,5,2026-09-26,False,TUTUSDT,-1,-0.014285714285714287
2026-09-28,6,2026-09-27,False,AKEUSDT,1,0.014285714285714287
2026-09-28,6,2026-09-27,False,BTWUSDT,1,0.014285714285714287
2026-09-28,6,2026-09-27,False,ENAUSDT,1,0.014285714285714287
2026-09-28,6,2026-09-27,False,SUIUSDT,1,0.014285714285714287
2026-09-28,6,2026-09-27,False,ZECUSDT,1,0.014285714285714287
2026-09-28,6,2026-09-27,False,BTCUSDT,-1,-0.014285714285714287
2026-09-28,6,2026-09-27,False,CYSUSDT,-1,-0.014285714285714287
2026-09-28,6,2026-09-27,False,ETHUSDT,-1,-0.014285714285714287
2026-09-28,6,2026-09-27,False,TRUMPUSDT,-1,-0.014285714285714287
2026-09-28,6,2026-09-27,False,TUTUSDT,-1,-0.014285714285714287
2026-09-29,0,2026-09-28,False,AKEUSDT,1,0.014285714285714287
2026-09-29,0,2026-09-28,False,BTWUSDT,1,0.014285714285714287
2026-09-29,0,2026-09-28,False,ENAUSDT,1,0.014285714285714287
2026-09-29,0,2026-09-28,False,SUIUSDT,1,0.014285714285714287
2026-09-29,0,2026-09-28,False,ZECUSDT,1,0.014285714285714287
2026-09-29,0,2026-09-28,False,BTCUSDT,-1,-0.014285714285714287
2026-09-29,0,2026-09-28,False,CYSUSDT,-1,-0.014285714285714287
2026-09-29,0,2026-09-28,False,HYPEUSDT,-1,-0.014285714285714287
2026-09-29,0,2026-09-28,False,TRUMPUSDT,-1,-0.014285714285714287
2026-09-29,0,2026-09-28,False,TUTUSDT,-1,-0.014285714285714287
2026-09-29,1,2026-09-29,True,AKEUSDT,1,0.014285714285714287
2026-09-29,1,2026-09-29,True,BTWUSDT,1,0.014285714285714287
2026-09-29,1,2026-09-29,True,ENAUSDT,1,0.014285714285714287
2026-09-29,1,2026-09-29,True,SUIUSDT,1,0.014285714285714287
2026-09-29,1,2026-09-29,True,ZECUSDT,1,0.014285714285714287
2026-09-29,1,2026-09-29,True,ACEUSDT,-1,-0.014285714285714287
2026-09-29,1,2026-09-29,True,CYSUSDT,-1,-0.014285714285714287
2026-09-29,1,2026-09-29,True,HYPEUSDT,-1,-0.014285714285714287
2026-09-29,1,2026-09-29,True,TRUMPUSDT,-1,-0.014285714285714287
2026-09-29,1,2026-09-29,True,TUTUSDT,-1,-0.014285714285714287
2026-09-29,2,2026-09-23,False,AKEUSDT,1,0.014285714285714287
2026-09-29,2,2026-09-23,False,BTWUSDT,1,0.014285714285714287
2026-09-29,2,2026-09-23,False,ENAUSDT,1,0.014285714285714287
2026-09-29,2,2026-09-23,False,SUIUSDT,1,0.014285714285714287
2026-09-29,2,2026-09-23,False,ZECUSDT,1,0.014285714285714287
2026-09-29,2,2026-09-23,False,ACEUSDT,-1,-0.014285714285714287
2026-09-29,2,2026-09-23,False,CYSUSDT,-1,-0.014285714285714287
2026-09-29,2,2026-09-23,False,PUMPUSDT,-1,-0.014285714285714287
2026-09-29,2,2026-09-23,False,TRUMPUSDT,-1,-0.014285714285714287
2026-09-29,2,2026-09-23,False,TUTUSDT,-1,-0.014285714285714287
2026-09-29,3,2026-09-24,False,AKEUSDT,1,0.014285714285714287
2026-09-29,3,2026-09-24,False,BTWUSDT,1,0.014285714285714287
2026-09-29,3,2026-09-24,False,ENAUSDT,1,0.014285714285714287
2026-09-29,3,2026-09-24,False,SUIUSDT,1,0.014285714285714287
2026-09-29,3,2026-09-24,False,ZECUSDT,1,0.014285714285714287
2026-09-29,3,2026-09-24,False,ACEUSDT,-1,-0.014285714285714287
2026-09-29,3,2026-09-24,False,CYSUSDT,-1,-0.014285714285714287
2026-09-29,3,2026-09-24,False,PUMPUSDT,-1,-0.014285714285714287
2026-09-29,3,2026-09-24,False,TRUMPUSDT,-1,-0.014285714285714287
2026-09-29,3,2026-09-24,False,TUTUSDT,-1,-0.014285714285714287
2026-09-29,4,2026-09-25,False,AKEUSDT,1,0.014285714285714287
2026-09-29,4,2026-09-25,False,BTWUSDT,1,0.014285714285714287
2026-09-29,4,2026-09-25,False,ENAUSDT,1,0.014285714285714287
2026-09-29,4,2026-09-25,False,SUIUSDT,1,0.014285714285714287
2026-09-29,4,2026-09-25,False,ZECUSDT,1,0.014285714285714287
2026-09-29,4,2026-09-25,False,ACEUSDT,-1,-0.014285714285714287
2026-09-29,4,2026-09-25,False,CYSUSDT,-1,-0.014285714285714287
2026-09-29,4,2026-09-25,False,PUMPUSDT,-1,-0.014285714285714287
2026-09-29,4,2026-09-25,False,TRUMPUSDT,-1,-0.014285714285714287
2026-09-29,4,2026-09-25,False,TUTUSDT,-1,-0.014285714285714287
2026-09-29,5,2026-09-26,False,AKEUSDT,1,0.014285714285714287
2026-09-29,5,2026-09-26,False,BTWUSDT,1,0.014285714285714287
2026-09-29,5,2026-09-26,False,ENAUSDT,1,0.014285714285714287
2026-09-29,5,2026-09-26,False,SUIUSDT,1,0.014285714285714287
2026-09-29,5,2026-09-26,False,ZECUSDT,1,0.014285714285714287
2026-09-29,5,2026-09-26,False,ACEUSDT,-1,-0.014285714285714287
2026-09-29,5,2026-09-26,False,CYSUSDT,-1,-0.014285714285714287
2026-09-29,5,2026-09-26,False,PUMPUSDT,-1,-0.014285714285714287
2026-09-29,5,2026-09-26,False,TRUMPUSDT,-1,-0.014285714285714287
2026-09-29,5,2026-09-26,False,TUTUSDT,-1,-0.014285714285714287
2026-09-29,6,2026-09-27,False,AKEUSDT,1,0.014285714285714287
2026-09-29,6,2026-09-27,False,BTWUSDT,1,0.014285714285714287
2026-09-29,6,2026-09-27,False,ENAUSDT,1,0.014285714285714287
2026-09-29,6,2026-09-27,False,SUIUSDT,1,0.014285714285714287
2026-09-29,6,2026-09-27,False,ZECUSDT,1,0.014285714285714287
2026-09-29,6,2026-09-27,False,BTCUSDT,-1,-0.014285714285714287
2026-09-29,6,2026-09-27,False,CYSUSDT,-1,-0.014285714285714287
2026-09-29,6,2026-09-27,False,ETHUSDT,-1,-0.014285714285714287
2026-09-29,6,2026-09-27,False,TRUMPUSDT,-1,-0.014285714285714287
2026-09-29,6,2026-09-27,False,TUTUSDT,-1,-0.014285714285714287
2026-09-30,0,2026-09-28,False,AKEUSDT,1,0.014285714285714287
2026-09-30,0,2026-09-28,False,BTWUSDT,1,0.014285714285714287
2026-09-30,0,2026-09-28,False,ENAUSDT,1,0.014285714285714287
2026-09-30,0,2026-09-28,False,SUIUSDT,1,0.014285714285714287
2026-09-30,0,2026-09-28,False,ZECUSDT,1,0.014285714285714287
2026-09-30,0,2026-09-28,False,BTCUSDT,-1,-0.014285714285714287
2026-09-30,0,2026-09-28,False,CYSUSDT,-1,-0.014285714285714287
2026-09-30,0,2026-09-28,False,HYPEUSDT,-1,-0.014285714285714287
2026-09-30,0,2026-09-28,False,TRUMPUSDT,-1,-0.014285714285714287
2026-09-30,0,2026-09-28,False,TUTUSDT,-1,-0.014285714285714287
2026-09-30,1,2026-09-29,False,AKEUSDT,1,0.014285714285714287
2026-09-30,1,2026-09-29,False,BTWUSDT,1,0.014285714285714287
2026-09-30,1,2026-09-29,False,ENAUSDT,1,0.014285714285714287
2026-09-30,1,2026-09-29,False,SUIUSDT,1,0.014285714285714287
2026-09-30,1,2026-09-29,False,ZECUSDT,1,0.014285714285714287
2026-09-30,1,2026-09-29,False,ACEUSDT,-1,-0.014285714285714287
2026-09-30,1,2026-09-29,False,CYSUSDT,-1,-0.014285714285714287
2026-09-30,1,2026-09-29,False,HYPEUSDT,-1,-0.014285714285714287
2026-09-30,1,2026-09-29,False,TRUMPUSDT,-1,-0.014285714285714287
2026-09-30,1,2026-09-29,False,TUTUSDT,-1,-0.014285714285714287
2026-09-30,2,2026-09-30,True,AKEUSDT,1,0.014285714285714287
2026-09-30,2,2026-09-30,True,BTWUSDT,1,0.014285714285714287
2026-09-30,2,2026-09-30,True,ENAUSDT,1,0.014285714285714287
2026-09-30,2,2026-09-30,True,SUIUSDT,1,0.014285714285714287
2026-09-30,2,2026-09-30,True,ZECUSDT,1,0.014285714285714287
2026-09-30,2,2026-09-30,True,ACEUSDT,-1,-0.014285714285714287
2026-09-30,2,2026-09-30,True,BTCUSDT,-1,-0.014285714285714287
2026-09-30,2,2026-09-30,True,CYSUSDT,-1,-0.014285714285714287
2026-09-30,2,2026-09-30,True,TRUMPUSDT,-1,-0.014285714285714287
2026-09-30,2,2026-09-30,True,TUTUSDT,-1,-0.014285714285714287
2026-09-30,3,2026-09-24,False,AKEUSDT,1,0.014285714285714287
2026-09-30,3,2026-09-24,False,BTWUSDT,1,0.014285714285714287
2026-09-30,3,2026-09-24,False,ENAUSDT,1,0.014285714285714287
2026-09-30,3,2026-09-24,False,SUIUSDT,1,0.014285714285714287
2026-09-30,3,2026-09-24,False,ZECUSDT,1,0.014285714285714287
2026-09-30,3,2026-09-24,False,ACEUSDT,-1,-0.014285714285714287
2026-09-30,3,2026-09-24,False,CYSUSDT,-1,-0.014285714285714287
2026-09-30,3,2026-09-24,False,PUMPUSDT,-1,-0.014285714285714287
2026-09-30,3,2026-09-24,False,TRUMPUSDT,-1,-0.014285714285714287
2026-09-30,3,2026-09-24,False,TUTUSDT,-1,-0.014285714285714287
2026-09-30,4,2026-09-25,False,AKEUSDT,1,0.014285714285714287
2026-09-30,4,2026-09-25,False,BTWUSDT,1,0.014285714285714287
2026-09-30,4,2026-09-25,False,ENAUSDT,1,0.014285714285714287
2026-09-30,4,2026-09-25,False,SUIUSDT,1,0.014285714285714287
2026-09-30,4,2026-09-25,False,ZECUSDT,1,0.014285714285714287
2026-09-30,4,2026-09-25,False,ACEUSDT,-1,-0.014285714285714287
2026-09-30,4,2026-09-25,False,CYSUSDT,-1,-0.014285714285714287
2026-09-30,4,2026-09-25,False,PUMPUSDT,-1,-0.014285714285714287
2026-09-30,4,2026-09-25,False,TRUMPUSDT,-1,-0.014285714285714287
2026-09-30,4,2026-09-25,False,TUTUSDT,-1,-0.014285714285714287
2026-09-30,5,2026-09-26,False,AKEUSDT,1,0.014285714285714287
2026-09-30,5,2026-09-26,False,BTWUSDT,1,0.014285714285714287
2026-09-30,5,2026-09-26,False,ENAUSDT,1,0.014285714285714287
2026-09-30,5,2026-09-26,False,SUIUSDT,1,0.014285714285714287
2026-09-30,5,2026-09-26,False,ZECUSDT,1,0.014285714285714287
2026-09-30,5,2026-09-26,False,ACEUSDT,-1,-0.014285714285714287
2026-09-30,5,2026-09-26,False,CYSUSDT,-1,-0.014285714285714287
2026-09-30,5,2026-09-26,False,PUMPUSDT,-1,-0.014285714285714287
2026-09-30,5,2026-09-26,False,TRUMPUSDT,-1,-0.014285714285714287
2026-09-30,5,2026-09-26,False,TUTUSDT,-1,-0.014285714285714287
2026-09-30,6,2026-09-27,False,AKEUSDT,1,0.014285714285714287
2026-09-30,6,2026-09-27,False,BTWUSDT,1,0.014285714285714287
2026-09-30,6,2026-09-27,False,ENAUSDT,1,0.014285714285714287
2026-09-30,6,2026-09-27,False,SUIUSDT,1,0.014285714285714287
2026-09-30,6,2026-09-27,False,ZECUSDT,1,0.014285714285714287
2026-09-30,6,2026-09-27,False,BTCUSDT,-1,-0.014285714285714287
2026-09-30,6,2026-09-27,False,CYSUSDT,-1,-0.014285714285714287
2026-09-30,6,2026-09-27,False,ETHUSDT,-1,-0.014285714285714287
2026-09-30,6,2026-09-27,False,TRUMPUSDT,-1,-0.014285714285714287
2026-09-30,6,2026-09-27,False,TUTUSDT,-1,-0.014285714285714287
2026-10-01,0,2026-09-28,False,AKEUSDT,1,0.014285714285714287
2026-10-01,0,2026-09-28,False,BTWUSDT,1,0.014285714285714287
2026-10-01,0,2026-09-28,False,ENAUSDT,1,0.014285714285714287
2026-10-01,0,2026-09-28,False,SUIUSDT,1,0.014285714285714287
2026-10-01,0,2026-09-28,False,ZECUSDT,1,0.014285714285714287
2026-10-01,0,2026-09-28,False,BTCUSDT,-1,-0.014285714285714287
2026-10-01,0,2026-09-28,False,CYSUSDT,-1,-0.014285714285714287
2026-10-01,0,2026-09-28,False,HYPEUSDT,-1,-0.014285714285714287
2026-10-01,0,2026-09-28,False,TRUMPUSDT,-1,-0.014285714285714287
2026-10-01,0,2026-09-28,False,TUTUSDT,-1,-0.014285714285714287
2026-10-01,1,2026-09-29,False,AKEUSDT,1,0.014285714285714287
2026-10-01,1,2026-09-29,False,BTWUSDT,1,0.014285714285714287
2026-10-01,1,2026-09-29,False,ENAUSDT,1,0.014285714285714287
2026-10-01,1,2026-09-29,False,SUIUSDT,1,0.014285714285714287
2026-10-01,1,2026-09-29,False,ZECUSDT,1,0.014285714285714287
2026-10-01,1,2026-09-29,False,ACEUSDT,-1,-0.014285714285714287
2026-10-01,1,2026-09-29,False,CYSUSDT,-1,-0.014285714285714287
2026-10-01,1,2026-09-29,False,HYPEUSDT,-1,-0.014285714285714287
2026-10-01,1,2026-09-29,False,TRUMPUSDT,-1,-0.014285714285714287
2026-10-01,1,2026-09-29,False,TUTUSDT,-1,-0.014285714285714287
2026-10-01,2,2026-09-30,False,AKEUSDT,1,0.014285714285714287
2026-10-01,2,2026-09-30,False,BTWUSDT,1,0.014285714285714287
2026-10-01,2,2026-09-30,False,ENAUSDT,1,0.014285714285714287
2026-10-01,2,2026-09-30,False,SUIUSDT,1,0.014285714285714287
2026-10-01,2,2026-09-30,False,ZECUSDT,1,0.014285714285714287
2026-10-01,2,2026-09-30,False,ACEUSDT,-1,-0.014285714285714287
2026-10-01,2,2026-09-30,False,BTCUSDT,-1,-0.014285714285714287
2026-10-01,2,2026-09-30,False,CYSUSDT,-1,-0.014285714285714287
2026-10-01,2,2026-09-30,False,TRUMPUSDT,-1,-0.014285714285714287
2026-10-01,2,2026-09-30,False,TUTUSDT,-1,-0.014285714285714287
2026-10-01,3,2026-10-01,True,AKEUSDT,1,0.014285714285714287
2026-10-01,3,2026-10-01,True,LSKUSDT,1,0.014285714285714287
2026-10-01,3,2026-10-01,True,NEARUSDT,1,0.014285714285714287
2026-10-01,3,2026-10-01,True,QNTUSDT,1,0.014285714285714287
2026-10-01,3,2026-10-01,True,SUIUSDT,1,0.014285714285714287
2026-10-01,3,2026-10-01,True,BNBUSDT,-1,-0.014285714285714287
2026-10-01,3,2026-10-01,True,BTCUSDT,-1,-0.014285714285714287
2026-10-01,3,2026-10-01,True,DOGEUSDT,-1,-0.014285714285714287
2026-10-01,3,2026-10-01,True,HYPEUSDT,-1,-0.014285714285714287
2026-10-01,3,2026-10-01,True,XRPUSDT,-1,-0.014285714285714287
2026-10-01,4,2026-09-25,False,AKEUSDT,1,0.014285714285714287
2026-10-01,4,2026-09-25,False,BTWUSDT,1,0.014285714285714287
2026-10-01,4,2026-09-25,False,ENAUSDT,1,0.014285714285714287
2026-10-01,4,2026-09-25,False,SUIUSDT,1,0.014285714285714287
2026-10-01,4,2026-09-25,False,ZECUSDT,1,0.014285714285714287
2026-10-01,4,2026-09-25,False,ACEUSDT,-1,-0.014285714285714287
2026-10-01,4,2026-09-25,False,CYSUSDT,-1,-0.014285714285714287
2026-10-01,4,2026-09-25,False,PUMPUSDT,-1,-0.014285714285714287
2026-10-01,4,2026-09-25,False,TRUMPUSDT,-1,-0.014285714285714287
2026-10-01,4,2026-09-25,False,TUTUSDT,-1,-0.014285714285714287
2026-10-01,5,2026-09-26,False,AKEUSDT,1,0.014285714285714287
2026-10-01,5,2026-09-26,False,BTWUSDT,1,0.014285714285714287
2026-10-01,5,2026-09-26,False,ENAUSDT,1,0.014285714285714287
2026-10-01,5,2026-09-26,False,SUIUSDT,1,0.014285714285714287
2026-10-01,5,2026-09-26,False,ZECUSDT,1,0.014285714285714287
2026-10-01,5,2026-09-26,False,ACEUSDT,-1,-0.014285714285714287
2026-10-01,5,2026-09-26,False,CYSUSDT,-1,-0.014285714285714287
2026-10-01,5,2026-09-26,False,PUMPUSDT,-1,-0.014285714285714287
2026-10-01,5,2026-09-26,False,TRUMPUSDT,-1,-0.014285714285714287
2026-10-01,5,2026-09-26,False,TUTUSDT,-1,-0.014285714285714287
2026-10-01,6,2026-09-27,False,AKEUSDT,1,0.014285714285714287
2026-10-01,6,2026-09-27,False,BTWUSDT,1,0.014285714285714287
2026-10-01,6,2026-09-27,False,ENAUSDT,1,0.014285714285714287
2026-10-01,6,2026-09-27,False,SUIUSDT,1,0.014285714285714287
2026-10-01,6,2026-09-27,False,ZECUSDT,1,0.014285714285714287
2026-10-01,6,2026-09-27,False,BTCUSDT,-1,-0.014285714285714287
2026-10-01,6,2026-09-27,False,CYSUSDT,-1,-0.014285714285714287
2026-10-01,6,2026-09-27,False,ETHUSDT,-1,-0.014285714285714287
2026-10-01,6,2026-09-27,False,TRUMPUSDT,-1,-0.014285714285714287
2026-10-01,6,2026-09-27,False,TUTUSDT,-1,-0.014285714285714287
2026-10-02,0,2026-09-28,False,AKEUSDT,1,0.014285714285714287
2026-10-02,0,2026-09-28,False,BTWUSDT,1,0.014285714285714287
2026-10-02,0,2026-09-28,False,ENAUSDT,1,0.014285714285714287
2026-10-02,0,2026-09-28,False,SUIUSDT,1,0.014285714285714287
2026-10-02,0,2026-09-28,False,ZECUSDT,1,0.014285714285714287
2026-10-02,0,2026-09-28,False,BTCUSDT,-1,-0.014285714285714287
2026-10-02,0,2026-09-28,False,CYSUSDT,-1,-0.014285714285714287
2026-10-02,0,2026-09-28,False,HYPEUSDT,-1,-0.014285714285714287
2026-10-02,0,2026-09-28,False,TRUMPUSDT,-1,-0.014285714285714287
2026-10-02,0,2026-09-28,False,TUTUSDT,-1,-0.014285714285714287
2026-10-02,1,2026-09-29,False,AKEUSDT,1,0.014285714285714287
2026-10-02,1,2026-09-29,False,BTWUSDT,1,0.014285714285714287
2026-10-02,1,2026-09-29,False,ENAUSDT,1,0.014285714285714287
2026-10-02,1,2026-09-29,False,SUIUSDT,1,0.014285714285714287
2026-10-02,1,2026-09-29,False,ZECUSDT,1,0.014285714285714287
2026-10-02,1,2026-09-29,False,ACEUSDT,-1,-0.014285714285714287
2026-10-02,1,2026-09-29,False,CYSUSDT,-1,-0.014285714285714287
2026-10-02,1,2026-09-29,False,HYPEUSDT,-1,-0.014285714285714287
2026-10-02,1,2026-09-29,False,TRUMPUSDT,-1,-0.014285714285714287
2026-10-02,1,2026-09-29,False,TUTUSDT,-1,-0.014285714285714287
2026-10-02,2,2026-09-30,False,AKEUSDT,1,0.014285714285714287
2026-10-02,2,2026-09-30,False,BTWUSDT,1,0.014285714285714287
2026-10-02,2,2026-09-30,False,ENAUSDT,1,0.014285714285714287
2026-10-02,2,2026-09-30,False,SUIUSDT,1,0.014285714285714287
2026-10-02,2,2026-09-30,False,ZECUSDT,1,0.014285714285714287
2026-10-02,2,2026-09-30,False,ACEUSDT,-1,-0.014285714285714287
2026-10-02,2,2026-09-30,False,BTCUSDT,-1,-0.014285714285714287
2026-10-02,2,2026-09-30,False,CYSUSDT,-1,-0.014285714285714287
2026-10-02,2,2026-09-30,False,TRUMPUSDT,-1,-0.014285714285714287
2026-10-02,2,2026-09-30,False,TUTUSDT,-1,-0.014285714285714287
2026-10-02,3,2026-10-01,False,AKEUSDT,1,0.014285714285714287
2026-10-02,3,2026-10-01,False,LSKUSDT,1,0.014285714285714287
2026-10-02,3,2026-10-01,False,NEARUSDT,1,0.014285714285714287
2026-10-02,3,2026-10-01,False,QNTUSDT,1,0.014285714285714287
2026-10-02,3,2026-10-01,False,SUIUSDT,1,0.014285714285714287
2026-10-02,3,2026-10-01,False,BNBUSDT,-1,-0.014285714285714287
2026-10-02,3,2026-10-01,False,BTCUSDT,-1,-0.014285714285714287
2026-10-02,3,2026-10-01,False,DOGEUSDT,-1,-0.014285714285714287
2026-10-02,3,2026-10-01,False,HYPEUSDT,-1,-0.014285714285714287
2026-10-02,3,2026-10-01,False,XRPUSDT,-1,-0.014285714285714287
2026-10-02,4,2026-10-02,True,AKEUSDT,1,0.014285714285714287
2026-10-02,4,2026-10-02,True,LSKUSDT,1,0.014285714285714287
2026-10-02,4,2026-10-02,True,NEARUSDT,1,0.014285714285714287
2026-10-02,4,2026-10-02,True,QNTUSDT,1,0.014285714285714287
2026-10-02,4,2026-10-02,True,SUIUSDT,1,0.014285714285714287
2026-10-02,4,2026-10-02,True,BNBUSDT,-1,-0.014285714285714287
2026-10-02,4,2026-10-02,True,BTCUSDT,-1,-0.014285714285714287
2026-10-02,4,2026-10-02,True,ETHUSDT,-1,-0.014285714285714287
2026-10-02,4,2026-10-02,True,HYPEUSDT,-1,-0.014285714285714287
2026-10-02,4,2026-10-02,True,XRPUSDT,-1,-0.014285714285714287
2026-10-02,5,2026-09-26,False,AKEUSDT,1,0.014285714285714287
2026-10-02,5,2026-09-26,False,BTWUSDT,1,0.014285714285714287
2026-10-02,5,2026-09-26,False,ENAUSDT,1,0.014285714285714287
2026-10-02,5,2026-09-26,False,SUIUSDT,1,0.014285714285714287
2026-10-02,5,2026-09-26,False,ZECUSDT,1,0.014285714285714287
2026-10-02,5,2026-09-26,False,ACEUSDT,-1,-0.014285714285714287
2026-10-02,5,2026-09-26,False,CYSUSDT,-1,-0.014285714285714287
2026-10-02,5,2026-09-26,False,PUMPUSDT,-1,-0.014285714285714287
2026-10-02,5,2026-09-26,False,TRUMPUSDT,-1,-0.014285714285714287
2026-10-02,5,2026-09-26,False,TUTUSDT,-1,-0.014285714285714287
2026-10-02,6,2026-09-27,False,AKEUSDT,1,0.014285714285714287
2026-10-02,6,2026-09-27,False,BTWUSDT,1,0.014285714285714287
2026-10-02,6,2026-09-27,False,ENAUSDT,1,0.014285714285714287
2026-10-02,6,2026-09-27,False,SUIUSDT,1,0.014285714285714287
2026-10-02,6,2026-09-27,False,ZECUSDT,1,0.014285714285714287
2026-10-02,6,2026-09-27,False,BTCUSDT,-1,-0.014285714285714287
2026-10-02,6,2026-09-27,False,CYSUSDT,-1,-0.014285714285714287
2026-10-02,6,2026-09-27,False,ETHUSDT,-1,-0.014285714285714287
2026-10-02,6,2026-09-27,False,TRUMPUSDT,-1,-0.014285714285714287
2026-10-02,6,2026-09-27,False,TUTUSDT,-1,-0.014285714285714287
2026-10-03,0,2026-09-28,False,AKEUSDT,1,0.014285714285714287
2026-10-03,0,2026-09-28,False,BTWUSDT,1,0.014285714285714287
2026-10-03,0,2026-09-28,False,ENAUSDT,1,0.014285714285714287
2026-10-03,0,2026-09-28,False,SUIUSDT,1,0.014285714285714287
2026-10-03,0,2026-09-28,False,ZECUSDT,1,0.014285714285714287
2026-10-03,0,2026-09-28,False,BTCUSDT,-1,-0.014285714285714287
2026-10-03,0,2026-09-28,False,CYSUSDT,-1,-0.014285714285714287
2026-10-03,0,2026-09-28,False,HYPEUSDT,-1,-0.014285714285714287
2026-10-03,0,2026-09-28,False,TRUMPUSDT,-1,-0.014285714285714287
2026-10-03,0,2026-09-28,False,TUTUSDT,-1,-0.014285714285714287
2026-10-03,1,2026-09-29,False,AKEUSDT,1,0.014285714285714287
2026-10-03,1,2026-09-29,False,BTWUSDT,1,0.014285714285714287
2026-10-03,1,2026-09-29,False,ENAUSDT,1,0.014285714285714287
2026-10-03,1,2026-09-29,False,SUIUSDT,1,0.014285714285714287
2026-10-03,1,2026-09-29,False,ZECUSDT,1,0.014285714285714287
2026-10-03,1,2026-09-29,False,ACEUSDT,-1,-0.014285714285714287
2026-10-03,1,2026-09-29,False,CYSUSDT,-1,-0.014285714285714287
2026-10-03,1,2026-09-29,False,HYPEUSDT,-1,-0.014285714285714287
2026-10-03,1,2026-09-29,False,TRUMPUSDT,-1,-0.014285714285714287
2026-10-03,1,2026-09-29,False,TUTUSDT,-1,-0.014285714285714287
2026-10-03,2,2026-09-30,False,AKEUSDT,1,0.014285714285714287
2026-10-03,2,2026-09-30,False,BTWUSDT,1,0.014285714285714287
2026-10-03,2,2026-09-30,False,ENAUSDT,1,0.014285714285714287
2026-10-03,2,2026-09-30,False,SUIUSDT,1,0.014285714285714287
2026-10-03,2,2026-09-30,False,ZECUSDT,1,0.014285714285714287
2026-10-03,2,2026-09-30,False,ACEUSDT,-1,-0.014285714285714287
2026-10-03,2,2026-09-30,False,BTCUSDT,-1,-0.014285714285714287
2026-10-03,2,2026-09-30,False,CYSUSDT,-1,-0.014285714285714287
2026-10-03,2,2026-09-30,False,TRUMPUSDT,-1,-0.014285714285714287
2026-10-03,2,2026-09-30,False,TUTUSDT,-1,-0.014285714285714287
2026-10-03,3,2026-10-01,False,AKEUSDT,1,0.014285714285714287
2026-10-03,3,2026-10-01,False,LSKUSDT,1,0.014285714285714287
2026-10-03,3,2026-10-01,False,NEARUSDT,1,0.014285714285714287
2026-10-03,3,2026-10-01,False,QNTUSDT,1,0.014285714285714287
2026-10-03,3,2026-10-01,False,SUIUSDT,1,0.014285714285714287
2026-10-03,3,2026-10-01,False,BNBUSDT,-1,-0.014285714285714287
2026-10-03,3,2026-10-01,False,BTCUSDT,-1,-0.014285714285714287
2026-10-03,3,2026-10-01,False,DOGEUSDT,-1,-0.014285714285714287
2026-10-03,3,2026-10-01,False,HYPEUSDT,-1,-0.014285714285714287
2026-10-03,3,2026-10-01,False,XRPUSDT,-1,-0.014285714285714287
2026-10-03,4,2026-10-02,False,AKEUSDT,1,0.014285714285714287
2026-10-03,4,2026-10-02,False,LSKUSDT,1,0.014285714285714287
2026-10-03,4,2026-10-02,False,NEARUSDT,1,0.014285714285714287
2026-10-03,4,2026-10-02,False,QNTUSDT,1,0.014285714285714287
2026-10-03,4,2026-10-02,False,SUIUSDT,1,0.014285714285714287
2026-10-03,4,2026-10-02,False,BNBUSDT,-1,-0.014285714285714287
2026-10-03,4,2026-10-02,False,BTCUSDT,-1,-0.014285714285714287
2026-10-03,4,2026-10-02,False,ETHUSDT,-1,-0.014285714285714287
2026-10-03,4,2026-10-02,False,HYPEUSDT,-1,-0.014285714285714287
2026-10-03,4,2026-10-02,False,XRPUSDT,-1,-0.014285714285714287
2026-10-03,5,2026-10-03,True,AKEUSDT,1,0.014285714285714287
2026-10-03,5,2026-10-03,True,LSKUSDT,1,0.014285714285714287
2026-10-03,5,2026-10-03,True,NEARUSDT,1,0.014285714285714287
2026-10-03,5,2026-10-03,True,PUMPUSDT,1,0.014285714285714287
2026-10-03,5,2026-10-03,True,QNTUSDT,1,0.014285714285714287
2026-10-03,5,2026-10-03,True,BNBUSDT,-1,-0.014285714285714287
2026-10-03,5,2026-10-03,True,BTCUSDT,-1,-0.014285714285714287
2026-10-03,5,2026-10-03,True,DOGEUSDT,-1,-0.014285714285714287
2026-10-03,5,2026-10-03,True,HYPEUSDT,-1,-0.014285714285714287
2026-10-03,5,2026-10-03,True,XRPUSDT,-1,-0.014285714285714287
2026-10-03,6,2026-09-27,False,AKEUSDT,1,0.014285714285714287
2026-10-03,6,2026-09-27,False,BTWUSDT,1,0.014285714285714287
2026-10-03,6,2026-09-27,False,ENAUSDT,1,0.014285714285714287
2026-10-03,6,2026-09-27,False,SUIUSDT,1,0.014285714285714287
2026-10-03,6,2026-09-27,False,ZECUSDT,1,0.014285714285714287
2026-10-03,6,2026-09-27,False,BTCUSDT,-1,-0.014285714285714287
2026-10-03,6,2026-09-27,False,CYSUSDT,-1,-0.014285714285714287
2026-10-03,6,2026-09-27,False,ETHUSDT,-1,-0.014285714285714287
2026-10-03,6,2026-09-27,False,TRUMPUSDT,-1,-0.014285714285714287
2026-10-03,6,2026-09-27,False,TUTUSDT,-1,-0.014285714285714287
2026-10-04,0,2026-09-28,False,AKEUSDT,1,0.014285714285714287
2026-10-04,0,2026-09-28,False,BTWUSDT,1,0.014285714285714287
2026-10-04,0,2026-09-28,False,ENAUSDT,1,0.014285714285714287
2026-10-04,0,2026-09-28,False,SUIUSDT,1,0.014285714285714287
2026-10-04,0,2026-09-28,False,ZECUSDT,1,0.014285714285714287
2026-10-04,0,2026-09-28,False,BTCUSDT,-1,-0.014285714285714287
2026-10-04,0,2026-09-28,False,CYSUSDT,-1,-0.014285714285714287
2026-10-04,0,2026-09-28,False,HYPEUSDT,-1,-0.014285714285714287
2026-10-04,0,2026-09-28,False,TRUMPUSDT,-1,-0.014285714285714287
2026-10-04,0,2026-09-28,False,TUTUSDT,-1,-0.014285714285714287
2026-10-04,1,2026-09-29,False,AKEUSDT,1,0.014285714285714287
2026-10-04,1,2026-09-29,False,BTWUSDT,1,0.014285714285714287
2026-10-04,1,2026-09-29,False,ENAUSDT,1,0.014285714285714287
2026-10-04,1,2026-09-29,False,SUIUSDT,1,0.014285714285714287
2026-10-04,1,2026-09-29,False,ZECUSDT,1,0.014285714285714287
2026-10-04,1,2026-09-29,False,ACEUSDT,-1,-0.014285714285714287
2026-10-04,1,2026-09-29,False,CYSUSDT,-1,-0.014285714285714287
2026-10-04,1,2026-09-29,False,HYPEUSDT,-1,-0.014285714285714287
2026-10-04,1,2026-09-29,False,TRUMPUSDT,-1,-0.014285714285714287
2026-10-04,1,2026-09-29,False,TUTUSDT,-1,-0.014285714285714287
2026-10-04,2,2026-09-30,False,AKEUSDT,1,0.014285714285714287
2026-10-04,2,2026-09-30,False,BTWUSDT,1,0.014285714285714287
2026-10-04,2,2026-09-30,False,ENAUSDT,1,0.014285714285714287
2026-10-04,2,2026-09-30,False,SUIUSDT,1,0.014285714285714287
2026-10-04,2,2026-09-30,False,ZECUSDT,1,0.014285714285714287
2026-10-04,2,2026-09-30,False,ACEUSDT,-1,-0.014285714285714287
2026-10-04,2,2026-09-30,False,BTCUSDT,-1,-0.014285714285714287
2026-10-04,2,2026-09-30,False,CYSUSDT,-1,-0.014285714285714287
2026-10-04,2,2026-09-30,False,TRUMPUSDT,-1,-0.014285714285714287
2026-10-04,2,2026-09-30,False,TUTUSDT,-1,-0.014285714285714287
2026-10-04,3,2026-10-01,False,AKEUSDT,1,0.014285714285714287
2026-10-04,3,2026-10-01,False,LSKUSDT,1,0.014285714285714287
2026-10-04,3,2026-10-01,False,NEARUSDT,1,0.014285714285714287
2026-10-04,3,2026-10-01,False,QNTUSDT,1,0.014285714285714287
2026-10-04,3,2026-10-01,False,SUIUSDT,1,0.014285714285714287
2026-10-04,3,2026-10-01,False,BNBUSDT,-1,-0.014285714285714287
2026-10-04,3,2026-10-01,False,BTCUSDT,-1,-0.014285714285714287
2026-10-04,3,2026-10-01,False,DOGEUSDT,-1,-0.014285714285714287
2026-10-04,3,2026-10-01,False,HYPEUSDT,-1,-0.014285714285714287
2026-10-04,3,2026-10-01,False,XRPUSDT,-1,-0.014285714285714287
2026-10-04,4,2026-10-02,False,AKEUSDT,1,0.014285714285714287
2026-10-04,4,2026-10-02,False,LSKUSDT,1,0.014285714285714287
2026-10-04,4,2026-10-02,False,NEARUSDT,1,0.014285714285714287
2026-10-04,4,2026-10-02,False,QNTUSDT,1,0.014285714285714287
2026-10-04,4,2026-10-02,False,SUIUSDT,1,0.014285714285714287
2026-10-04,4,2026-10-02,False,BNBUSDT,-1,-0.014285714285714287
2026-10-04,4,2026-10-02,False,BTCUSDT,-1,-0.014285714285714287
2026-10-04,4,2026-10-02,False,ETHUSDT,-1,-0.014285714285714287
2026-10-04,4,2026-10-02,False,HYPEUSDT,-1,-0.014285714285714287
2026-10-04,4,2026-10-02,False,XRPUSDT,-1,-0.014285714285714287
2026-10-04,5,2026-10-03,False,AKEUSDT,1,0.014285714285714287
2026-10-04,5,2026-10-03,False,LSKUSDT,1,0.014285714285714287
2026-10-04,5,2026-10-03,False,NEARUSDT,1,0.014285714285714287
2026-10-04,5,2026-10-03,False,PUMPUSDT,1,0.014285714285714287
2026-10-04,5,2026-10-03,False,QNTUSDT,1,0.014285714285714287
2026-10-04,5,2026-10-03,False,BNBUSDT,-1,-0.014285714285714287
2026-10-04,5,2026-10-03,False,BTCUSDT,-1,-0.014285714285714287
2026-10-04,5,2026-10-03,False,DOGEUSDT,-1,-0.014285714285714287
2026-10-04,5,2026-10-03,False,HYPEUSDT,-1,-0.014285714285714287
2026-10-04,5,2026-10-03,False,XRPUSDT,-1,-0.014285714285714287
2026-10-04,6,2026-10-04,True,AKEUSDT,1,0.014285714285714287
2026-10-04,6,2026-10-04,True,LSKUSDT,1,0.014285714285714287
2026-10-04,6,2026-10-04,True,NEARUSDT,1,0.014285714285714287
2026-10-04,6,2026-10-04,True,PUMPUSDT,1,0.014285714285714287
2026-10-04,6,2026-10-04,True,QNTUSDT,1,0.014285714285714287
2026-10-04,6,2026-10-04,True,BNBUSDT,-1,-0.014285714285714287
2026-10-04,6,2026-10-04,True,BTCUSDT,-1,-0.014285714285714287
2026-10-04,6,2026-10-04,True,DOGEUSDT,-1,-0.014285714285714287
2026-10-04,6,2026-10-04,True,HYPEUSDT,-1,-0.014285714285714287
2026-10-04,6,2026-10-04,True,XRPUSDT,-1,-0.014285714285714287
2026-10-05,0,2026-10-05,True,AKEUSDT,1,0.014285714285714287
2026-10-05,0,2026-10-05,True,ENAUSDT,1,0.014285714285714287
2026-10-05,0,2026-10-05,True,LSKUSDT,1,0.014285714285714287
2026-10-05,0,2026-10-05,True,NEARUSDT,1,0.014285714285714287
2026-10-05,0,2026-10-05,True,QNTUSDT,1,0.014285714285714287
2026-10-05,0,2026-10-05,True,BNBUSDT,-1,-0.014285714285714287
2026-10-05,0,2026-10-05,True,BTCUSDT,-1,-0.014285714285714287
2026-10-05,0,2026-10-05,True,DOGEUSDT,-1,-0.014285714285714287
2026-10-05,0,2026-10-05,True,LINKUSDT,-1,-0.014285714285714287
2026-10-05,0,2026-10-05,True,XRPUSDT,-1,-0.014285714285714287
2026-10-05,1,2026-09-29,False,AKEUSDT,1,0.014285714285714287
2026-10-05,1,2026-09-29,False,BTWUSDT,1,0.014285714285714287
2026-10-05,1,2026-09-29,False,ENAUSDT,1,0.014285714285714287
2026-10-05,1,2026-09-29,False,SUIUSDT,1,0.014285714285714287
2026-10-05,1,2026-09-29,False,ZECUSDT,1,0.014285714285714287
2026-10-05,1,2026-09-29,False,ACEUSDT,-1,-0.014285714285714287
2026-10-05,1,2026-09-29,False,CYSUSDT,-1,-0.014285714285714287
2026-10-05,1,2026-09-29,False,HYPEUSDT,-1,-0.014285714285714287
2026-10-05,1,2026-09-29,False,TRUMPUSDT,-1,-0.014285714285714287
2026-10-05,1,2026-09-29,False,TUTUSDT,-1,-0.014285714285714287
2026-10-05,2,2026-09-30,False,AKEUSDT,1,0.014285714285714287
2026-10-05,2,2026-09-30,False,BTWUSDT,1,0.014285714285714287
2026-10-05,2,2026-09-30,False,ENAUSDT,1,0.014285714285714287
2026-10-05,2,2026-09-30,False,SUIUSDT,1,0.014285714285714287
2026-10-05,2,2026-09-30,False,ZECUSDT,1,0.014285714285714287
2026-10-05,2,2026-09-30,False,ACEUSDT,-1,-0.014285714285714287
2026-10-05,2,2026-09-30,False,BTCUSDT,-1,-0.014285714285714287
2026-10-05,2,2026-09-30,False,CYSUSDT,-1,-0.014285714285714287
2026-10-05,2,2026-09-30,False,TRUMPUSDT,-1,-0.014285714285714287
2026-10-05,2,2026-09-30,False,TUTUSDT,-1,-0.014285714285714287
2026-10-05,3,2026-10-01,False,AKEUSDT,1,0.014285714285714287
2026-10-05,3,2026-10-01,False,LSKUSDT,1,0.014285714285714287
2026-10-05,3,2026-10-01,False,NEARUSDT,1,0.014285714285714287
2026-10-05,3,2026-10-01,False,QNTUSDT,1,0.014285714285714287
2026-10-05,3,2026-10-01,False,SUIUSDT,1,0.014285714285714287
2026-10-05,3,2026-10-01,False,BNBUSDT,-1,-0.014285714285714287
2026-10-05,3,2026-10-01,False,BTCUSDT,-1,-0.014285714285714287
2026-10-05,3,2026-10-01,False,DOGEUSDT,-1,-0.014285714285714287
2026-10-05,3,2026-10-01,False,HYPEUSDT,-1,-0.014285714285714287
2026-10-05,3,2026-10-01,False,XRPUSDT,-1,-0.014285714285714287
2026-10-05,4,2026-10-02,False,AKEUSDT,1,0.014285714285714287
2026-10-05,4,2026-10-02,False,LSKUSDT,1,0.014285714285714287
2026-10-05,4,2026-10-02,False,NEARUSDT,1,0.014285714285714287
2026-10-05,4,2026-10-02,False,QNTUSDT,1,0.014285714285714287
2026-10-05,4,2026-10-02,False,SUIUSDT,1,0.014285714285714287
2026-10-05,4,2026-10-02,False,BNBUSDT,-1,-0.014285714285714287
2026-10-05,4,2026-10-02,False,BTCUSDT,-1,-0.014285714285714287
2026-10-05,4,2026-10-02,False,ETHUSDT,-1,-0.014285714285714287
2026-10-05,4,2026-10-02,False,HYPEUSDT,-1,-0.014285714285714287
2026-10-05,4,2026-10-02,False,XRPUSDT,-1,-0.014285714285714287
2026-10-05,5,2026-10-03,False,AKEUSDT,1,0.014285714285714287
2026-10-05,5,2026-10-03,False,LSKUSDT,1,0.014285714285714287
2026-10-05,5,2026-10-03,False,NEARUSDT,1,0.014285714285714287
2026-10-05,5,2026-10-03,False,PUMPUSDT,1,0.014285714285714287
2026-10-05,5,2026-10-03,False,QNTUSDT,1,0.014285714285714287
2026-10-05,5,2026-10-03,False,BNBUSDT,-1,-0.014285714285714287
2026-10-05,5,2026-10-03,False,BTCUSDT,-1,-0.014285714285714287
2026-10-05,5,2026-10-03,False,DOGEUSDT,-1,-0.014285714285714287
2026-10-05,5,2026-10-03,False,HYPEUSDT,-1,-0.014285714285714287
2026-10-05,5,2026-10-03,False,XRPUSDT,-1,-0.014285714285714287
2026-10-05,6,2026-10-04,False,AKEUSDT,1,0.014285714285714287
2026-10-05,6,2026-10-04,False,LSKUSDT,1,0.014285714285714287
2026-10-05,6,2026-10-04,False,NEARUSDT,1,0.014285714285714287
2026-10-05,6,2026-10-04,False,PUMPUSDT,1,0.014285714285714287
2026-10-05,6,2026-10-04,False,QNTUSDT,1,0.014285714285714287
2026-10-05,6,2026-10-04,False,BNBUSDT,-1,-0.014285714285714287
2026-10-05,6,2026-10-04,False,BTCUSDT,-1,-0.014285714285714287
2026-10-05,6,2026-10-04,False,DOGEUSDT,-1,-0.014285714285714287
2026-10-05,6,2026-10-04,False,HYPEUSDT,-1,-0.014285714285714287
2026-10-05,6,2026-10-04,False,XRPUSDT,-1,-0.014285714285714287
2026-10-06,0,2026-10-05,False,AKEUSDT,1,0.014285714285714287
2026-10-06,0,2026-10-05,False,ENAUSDT,1,0.014285714285714287
2026-10-06,0,2026-10-05,False,LSKUSDT,1,0.014285714285714287
2026-10-06,0,2026-10-05,False,NEARUSDT,1,0.014285714285714287
2026-10-06,0,2026-10-05,False,QNTUSDT,1,0.014285714285714287
2026-10-06,0,2026-10-05,False,BNBUSDT,-1,-0.014285714285714287
2026-10-06,0,2026-10-05,False,BTCUSDT,-1,-0.014285714285714287
2026-10-06,0,2026-10-05,False,DOGEUSDT,-1,-0.014285714285714287
2026-10-06,0,2026-10-05,False,LINKUSDT,-1,-0.014285714285714287
2026-10-06,0,2026-10-05,False,XRPUSDT,-1,-0.014285714285714287
2026-10-06,1,2026-10-06,True,AKEUSDT,1,0.014285714285714287
2026-10-06,1,2026-10-06,True,ENAUSDT,1,0.014285714285714287
2026-10-06,1,2026-10-06,True,LSKUSDT,1,0.014285714285714287
2026-10-06,1,2026-10-06,True,NEARUSDT,1,0.014285714285714287
2026-10-06,1,2026-10-06,True,QNTUSDT,1,0.014285714285714287
2026-10-06,1,2026-10-06,True,BNBUSDT,-1,-0.014285714285714287
2026-10-06,1,2026-10-06,True,DOGEUSDT,-1,-0.014285714285714287
2026-10-06,1,2026-10-06,True,ETHUSDT,-1,-0.014285714285714287
2026-10-06,1,2026-10-06,True,HYPEUSDT,-1,-0.014285714285714287
2026-10-06,1,2026-10-06,True,XRPUSDT,-1,-0.014285714285714287
2026-10-06,2,2026-09-30,False,AKEUSDT,1,0.014285714285714287
2026-10-06,2,2026-09-30,False,BTWUSDT,1,0.014285714285714287
2026-10-06,2,2026-09-30,False,ENAUSDT,1,0.014285714285714287
2026-10-06,2,2026-09-30,False,SUIUSDT,1,0.014285714285714287
2026-10-06,2,2026-09-30,False,ZECUSDT,1,0.014285714285714287
2026-10-06,2,2026-09-30,False,ACEUSDT,-1,-0.014285714285714287
2026-10-06,2,2026-09-30,False,BTCUSDT,-1,-0.014285714285714287
2026-10-06,2,2026-09-30,False,CYSUSDT,-1,-0.014285714285714287
2026-10-06,2,2026-09-30,False,TRUMPUSDT,-1,-0.014285714285714287
2026-10-06,2,2026-09-30,False,TUTUSDT,-1,-0.014285714285714287
2026-10-06,3,2026-10-01,False,AKEUSDT,1,0.014285714285714287
2026-10-06,3,2026-10-01,False,LSKUSDT,1,0.014285714285714287
2026-10-06,3,2026-10-01,False,NEARUSDT,1,0.014285714285714287
2026-10-06,3,2026-10-01,False,QNTUSDT,1,0.014285714285714287
2026-10-06,3,2026-10-01,False,SUIUSDT,1,0.014285714285714287
2026-10-06,3,2026-10-01,False,BNBUSDT,-1,-0.014285714285714287
2026-10-06,3,2026-10-01,False,BTCUSDT,-1,-0.014285714285714287
2026-10-06,3,2026-10-01,False,DOGEUSDT,-1,-0.014285714285714287
2026-10-06,3,2026-10-01,False,HYPEUSDT,-1,-0.014285714285714287
2026-10-06,3,2026-10-01,False,XRPUSDT,-1,-0.014285714285714287
2026-10-06,4,2026-10-02,False,AKEUSDT,1,0.014285714285714287
2026-10-06,4,2026-10-02,False,LSKUSDT,1,0.014285714285714287
2026-10-06,4,2026-10-02,False,NEARUSDT,1,0.014285714285714287
2026-10-06,4,2026-10-02,False,QNTUSDT,1,0.014285714285714287
2026-10-06,4,2026-10-02,False,SUIUSDT,1,0.014285714285714287
2026-10-06,4,2026-10-02,False,BNBUSDT,-1,-0.014285714285714287
2026-10-06,4,2026-10-02,False,BTCUSDT,-1,-0.014285714285714287
2026-10-06,4,2026-10-02,False,ETHUSDT,-1,-0.014285714285714287
2026-10-06,4,2026-10-02,False,HYPEUSDT,-1,-0.014285714285714287
2026-10-06,4,2026-10-02,False,XRPUSDT,-1,-0.014285714285714287
2026-10-06,5,2026-10-03,False,AKEUSDT,1,0.014285714285714287
2026-10-06,5,2026-10-03,False,LSKUSDT,1,0.014285714285714287
2026-10-06,5,2026-10-03,False,NEARUSDT,1,0.014285714285714287
2026-10-06,5,2026-10-03,False,PUMPUSDT,1,0.014285714285714287
2026-10-06,5,2026-10-03,False,QNTUSDT,1,0.014285714285714287
2026-10-06,5,2026-10-03,False,BNBUSDT,-1,-0.014285714285714287
2026-10-06,5,2026-10-03,False,BTCUSDT,-1,-0.014285714285714287
2026-10-06,5,2026-10-03,False,DOGEUSDT,-1,-0.014285714285714287
2026-10-06,5,2026-10-03,False,HYPEUSDT,-1,-0.014285714285714287
2026-10-06,5,2026-10-03,False,XRPUSDT,-1,-0.014285714285714287
2026-10-06,6,2026-10-04,False,AKEUSDT,1,0.014285714285714287
2026-10-06,6,2026-10-04,False,LSKUSDT,1,0.014285714285714287
2026-10-06,6,2026-10-04,False,NEARUSDT,1,0.014285714285714287
2026-10-06,6,2026-10-04,False,PUMPUSDT,1,0.014285714285714287
2026-10-06,6,2026-10-04,False,QNTUSDT,1,0.014285714285714287
2026-10-06,6,2026-10-04,False,BNBUSDT,-1,-0.014285714285714287
2026-10-06,6,2026-10-04,False,BTCUSDT,-1,-0.014285714285714287
2026-10-06,6,2026-10-04,False,DOGEUSDT,-1,-0.014285714285714287
2026-10-06,6,2026-10-04,False,HYPEUSDT,-1,-0.014285714285714287
2026-10-06,6,2026-10-04,False,XRPUSDT,-1,-0.014285714285714287
