date,r_x1,equity,drawdown
2026-09-25,0.06096965279139633,1.0609696527913963,0.0
2026-09-26,-0.03667340337736829,1.022060284743431,0.03667340337736835
2026-09-27,0.022367266120144925,1.0449209791231184,0.015126421030096426
2026-09-28,9.869162307574002e-05,1.045024104070534,0.01502922225806358
2026-09-29,-0.009195546499820512,1.0354145363281202,0.02408656684575372
2026-09-30,-0.0005229054618823408,1.0348731124117618,0.02459687731027449
2026-10-01,-0.010198463377899187,1.0243189968740578,0.03454449033571427
2026-10-02,-0.014098570642523628,1.00987756313615,0.04815603304092975
2026-10-03,-0.003144910826434504,1.0067015882544699,0.0511494974376957
2026-10-04,0.004339609995817363,1.011070280529664,0.04703185631224016
2026-10-05,-0.004463044201595515,1.0065578291767405,0.051284995260231114
2026-10-06,-0.009615268267383027,0.9968795056225714,0.06040714454009555
2026-10-07,0.005329321413489197,1.0021921969185543,0.05539975221553162
2026-10-08,-0.015890302509453325,0.9862670597369049,0.07040973590333144
2026-10-09,0.01330389554329966,0.9993882536774419,0.05804256413172104
